Row ID,Used,Entry Date,Ticker,Wheel ID,Key,Qty,Expiration Date,Strike,Type,Price,Commission,Premium Rx,Status,Symbol
623,False,06/16/2025,,,,316.0,,,,3000.0,,-9480.0,BOUGHT,NRO
622,False,06/17/2025,,,,1327.0,,,,500.0,,-6635.0,BOUGHT,PDO
621,False,06/18/2025,,,,518.0,,,,1500.0,,-7770.0,BOUGHT,IGR
620,False,06/26/2025,,,,61500.0,,,,-100.0,,61500.0,SOLD,IVV
617,False,06/30/2025,,,,12345.0,,,,-0.963,,118.88,SOLD,MU
618,False,06/30/2025,,,,12338.0,,,,-10.0,,1233.8,SOLD,MU
619,False,06/30/2025,,,,12345.0,,,,-15.0,,1851.75,SOLD,MU
615,False,07/03/2025,,,,1912.0,,,,500.0,,-9560.0,BOUGHT,PDI
616,False,07/03/2025,,,,1258.0,,,,1000.0,,-12580.0,BOUGHT,RQI
613,False,07/15/2025,,,,1230.0,,,,813.0,,-9999.9,BOUGHT,RQI
614,False,07/15/2025,,,,1230.0,,,,0.008,,-0.1,BOUGHT,RQI
609,False,07/18/2025,,,,10500.0,,,,95.0,,-9975.0,BOUGHT,CROX
610,False,07/18/2025,,,,10500.0,,,,95.0,,-9975.0,BOUGHT,CROX
611,False,07/18/2025,,,,10500.0,,,,0.238,,-24.99,BOUGHT,CROX
612,False,07/18/2025,,,,10500.0,,,,0.238,,-24.99,BOUGHT,CROX
603,False,08/07/2025,,,,5530.0,,,,-0.666,,36.83,SOLD,TPC
604,False,08/07/2025,,,,5555.0,,,,-5.0,,277.75,SOLD,TPC
605,False,08/07/2025,,,,5553.0,,,,-163.0,,9051.39,SOLD,TPC
606,False,08/07/2025,,,,5554.0,,,,-304.0,,16884.19,SOLD,TPC
607,False,08/07/2025,,,,5530.0,,,,-571.0,,31576.3,SOLD,TPC
608,False,08/07/2025,,,,707.0,,,,-76.0,,537.32,SOLD,TPST
602,False,08/11/2025,,,,3815.9999999999995,,,,150.0,,-5724.0,BOUGHT,LNC
601,False,08/12/2025,,,,7640.000000000001,,,,50.0,,-3820.0,BOUGHT,CROX
600,False,08/13/2025,,,,59220.00000000001,,,,25.0,,-14804.99,BOUGHT,VOO
596,False,09/03/2025,,,,1212.0,,,,750.0,,-9090.0,BOUGHT,TIGR
597,False,09/03/2025,,,,1221.0,,,,750.0,,-9157.5,BOUGHT,TIGR
598,False,09/03/2025,,,,1248.0,,,,500.0,,-6237.5,BOUGHT,TIGR
599,False,09/03/2025,,,,1396.0,,,,198.0,,-2764.08,BOUGHT,PDO
595,False,09/04/2025,,,,1396.0,,,,1000.0,,-13960.0,BOUGHT,PDO
591,False,09/11/2025,,,,15500.0,,,,-0.058,,8.99,SOLD,MU
592,False,09/11/2025,,,,15171.0,,,,-0.104,,15.78,SOLD,MU
593,False,09/11/2025,,,,15500.0,,,,-61.0,,9455.0,SOLD,MU
594,False,09/11/2025,,,,15169.999999999998,,,,-100.0,,15170.0,SOLD,MU
590,False,09/12/2025,,,,7800.0,,,,50.0,,-3900.0,BOUGHT,CROX
588,True,09/15/2025,KEY,KEY-2025-1,CALL-START,40.0,10/31/2025,20.0,CALL,-2.0,1.35,78.65,SOLD OPENING CALL,KEY251031C20
589,True,09/15/2025,QQQ,QQQ-2025-1,CALL-START,332.0,09/17/2025,588.0,CALL,-1.0,0.67,331.33,SOLD OPENING CALL,QQQ250917C588
586,False,09/16/2025,,,,8066.0,,,,8.0,,-645.28,BOUGHT,WFC
587,True,09/16/2025,WFC,WFC-2025-1,CALL-START,128.0,10/31/2025,87.0,CALL,-1.0,0.67,127.33,SOLD OPENING CALL,WFC251031C87
584,True,09/17/2025,QQQ,QQQ-2025-2,PUT-START,99.0,09/17/2025,583.0,PUT,-1.0,0.67,98.33,SOLD OPENING PUT,QQQ250917P583
585,False,09/17/2025,,,,66000.0,,,,10.0,,-6600.0,BOUGHT,IVV
580,True,09/18/2025,QQQ,QQQ-2025-1,CALL-END,,09/17/2025,588.0,CALL,1.0,,0.0,ASSIGNED CALL,QQQ250917C588
581,True,09/18/2025,QQQ,QQQ-2025-2,PUT-EXP,,09/17/2025,583.0,PUT,1.0,,0.0,EXPIRED PUT,QQQ250917P583
582,True,09/18/2025,QQQ,QQQ-2025-3,PUT-START,131.0,09/24/2025,585.0,PUT,-1.0,0.67,130.33,SOLD OPENING PUT,QQQ250924P585
583,False,09/18/2025,,,,58800.0,,,,-100.0,,58800.0,SOLD,QQQ
573,True,09/19/2025,BHF,BHF-2025-1,CALL-START,150.0,10/17/2025,65.0,CALL,-2.0,1.35,298.65,SOLD OPENING CALL,BHF251017C65
574,True,09/19/2025,MU,MU-2025-1,PUT-START,335.0,09/26/2025,150.0,PUT,-1.0,0.67,334.33,SOLD OPENING PUT,MU250926P150
575,False,09/19/2025,,,,16294.0,,,,100.0,,-16294.0,BOUGHT,MU
576,False,09/19/2025,,,,10084.0,,,,-0.561,,56.57,SOLD,JXN
577,False,09/19/2025,,,,10084.0,,,,-49.0,,4941.16,SOLD,JXN
578,False,09/19/2025,,,,5752.0,,,,-0.078,,4.49,SOLD,BHF
579,False,09/19/2025,,,,5750.0,,,,-87.0,,5002.5,SOLD,BHF
570,True,09/22/2025,MU,MU-2025-2,PUT-START,555.0,10/03/2025,157.5,PUT,-1.0,0.67,554.33,SOLD OPENING PUT,MU251003P157.5
571,True,09/22/2025,NVDA,NVDA-2025-1,CALL-START,50.0,10/03/2025,200.0,CALL,-1.0,0.67,49.33,SOLD OPENING CALL,NVDA251003C200
572,True,09/22/2025,MU,MU-2025-3,PUT-START,350.0,09/26/2025,155.0,PUT,-1.0,0.67,349.33,SOLD OPENING PUT,MU250926P155
567,True,09/23/2025,MU,MU-2025-4,PUT-START,358.0,09/26/2025,157.5,PUT,-1.0,0.67,357.33,SOLD OPENING PUT,MU250926P157.5
568,False,09/23/2025,QQQ,QQQ-2025-3,LONG PUT,10.0,09/24/2025,585.0,PUT,1.0,,-10.02,BOUGHT CLOSING PUT,QQQ250924P585
569,True,09/23/2025,MU,MU-2025-3,PUT-START,350.0,09/26/2025,155.0,PUT,-1.0,0.67,349.33,SOLD OPENING PUT,MU250926P155
566,False,09/24/2025,,,,61000.0,,,,25.0,,-15250.0,BOUGHT,VOO
562,False,09/25/2025,MU,MU-2025-4,LONG PUT,265.0,09/26/2025,157.5,PUT,1.0,0.67,-265.67,BOUGHT CLOSING PUT,MU250926P157.5
563,True,09/25/2025,MU,MU-2025-5,PUT-START,580.0,10/31/2025,148.0,PUT,-1.0,0.67,579.33,SOLD OPENING PUT,MU251031P148
564,False,09/25/2025,MU,MU-2025-3,LONG PUT,95.0,09/26/2025,155.0,PUT,2.0,1.35,-191.35,BOUGHT CLOSING PUT,MU250926P155
565,False,09/25/2025,,,,59207.00000000001,,,,40.0,,-23682.8,BOUGHT,QQQ
560,False,09/26/2025,MU,MU-2025-5,LONG PUT,450.0,10/31/2025,148.0,PUT,1.0,0.67,-450.67,BOUGHT CLOSING PUT,MU251031P148
561,True,09/26/2025,MU,MU-2025-6,PUT-START,200.0,10/10/2025,148.0,PUT,-1.0,0.67,199.33,SOLD OPENING PUT,MU251010P148
558,True,09/29/2025,MU,MU-2025-1,PUT-EXP,,09/26/2025,150.0,PUT,1.0,,0.0,EXPIRED PUT,MU250926P150
559,True,09/29/2025,RIVN,RIVN-2025-1,PUT-START,60.0,10/31/2025,14.0,PUT,-6.0,4.04,355.96,SOLD OPENING PUT,RIVN251031P14
552,True,10/01/2025,MU,MU-2025-7,PUT-START,52.0,10/10/2025,157.5,PUT,-1.0,0.67,51.33,SOLD OPENING PUT,MU251010P157.5
553,False,10/01/2025,MU,MU-2025-2,LONG PUT,4.0,10/03/2025,157.5,PUT,1.0,,-4.02,BOUGHT CLOSING PUT,MU251003P157.5
554,False,10/01/2025,MU,MU-2025-6,LONG PUT,22.0,10/10/2025,148.0,PUT,1.0,,-22.02,BOUGHT CLOSING PUT,MU251010P148
555,True,10/01/2025,MU,MU-2025-8,PUT-START,126.0,10/10/2025,165.0,PUT,-1.0,0.67,125.33,SOLD OPENING PUT,MU251010P165
556,True,10/01/2025,NVDA,NVDA-2025-2,CALL-START,56.00000000000001,10/10/2025,200.0,CALL,-1.0,0.67,55.33,SOLD OPENING CALL,NVDA251010C200
557,False,10/01/2025,NVDA,NVDA-2025-1,LONG CALL,6.0,10/03/2025,200.0,CALL,1.0,,-6.02,BOUGHT CLOSING CALL,NVDA251003C200
551,True,10/02/2025,MU,MU-2025-9,CALL-START,202.0,10/10/2025,200.0,CALL,-1.0,0.67,201.33,SOLD OPENING CALL,MU251010C200
547,True,10/06/2025,MU,MU-2025-10,PUT-START,84.0,10/10/2025,177.5,PUT,-1.0,0.67,83.33,SOLD OPENING PUT,MU251010P177.5
548,False,10/06/2025,MU,MU-2025-7,LONG PUT,15.0,10/10/2025,157.5,PUT,1.0,,-15.02,BOUGHT CLOSING PUT,MU251010P157.5
549,False,10/06/2025,MU,MU-2025-8,LONG PUT,31.0,10/10/2025,165.0,PUT,1.0,,-31.02,BOUGHT CLOSING PUT,MU251010P165
550,True,10/06/2025,MU,MU-2025-11,PUT-START,75.0,10/10/2025,175.0,PUT,-1.0,0.67,74.33,SOLD OPENING PUT,MU251010P175
541,True,10/08/2025,MU,MU-2025-12,PUT-START,68.0,10/10/2025,182.5,PUT,-1.0,0.67,67.33,SOLD OPENING PUT,MU251010P182.5
542,True,10/08/2025,MU,MU-2025-12,PUT-START,70.0,10/10/2025,182.5,PUT,-1.0,0.67,69.33,SOLD OPENING PUT,MU251010P182.5
543,False,10/08/2025,MU,MU-2025-10,LONG PUT,37.0,10/10/2025,177.5,PUT,1.0,,-37.02,BOUGHT CLOSING PUT,MU251010P177.5
544,True,10/08/2025,MU,MU-2025-13,CALL-START,269.0,10/17/2025,210.0,CALL,-1.0,0.67,268.33,SOLD OPENING CALL,MU251017C210
545,False,10/08/2025,MU,MU-2025-9,LONG CALL,197.0,10/10/2025,200.0,CALL,1.0,0.67,-197.67,BOUGHT CLOSING CALL,MU251010C200
546,False,10/08/2025,MU,MU-2025-11,LONG PUT,26.0,10/10/2025,175.0,PUT,1.0,,-26.02,BOUGHT CLOSING PUT,MU251010P175
532,True,10/10/2025,QQQ,QQQ-2025-4,CALL-START,115.99999999999999,10/17/2025,613.0,CALL,-1.0,0.67,115.33,SOLD OPENING CALL,QQQ251017C613
533,True,10/10/2025,MU,MU-2025-14,PUT-START,790.0,10/24/2025,182.5,PUT,-2.0,1.34,1578.66,SOLD OPENING PUT,MU251024P182.5
534,False,10/10/2025,MU,MU-2025-12,LONG PUT,115.99999999999999,10/10/2025,182.5,PUT,2.0,1.34,-233.34,BOUGHT CLOSING PUT,MU251010P182.5
535,False,10/10/2025,MU,MU-2025-13,LONG CALL,69.0,10/17/2025,210.0,CALL,1.0,0.67,-69.67,BOUGHT CLOSING CALL,MU251017C210
536,True,10/10/2025,MU,MU-2025-15,CALL-START,200.99999999999997,10/24/2025,210.0,CALL,-1.0,0.67,200.33,SOLD OPENING CALL,MU251024C210
537,True,10/10/2025,MU,MU-2025-16,PUT-START,740.0,10/24/2025,180.0,PUT,-2.0,1.34,1478.66,SOLD OPENING PUT,MU251024P180
538,False,10/10/2025,NVDA,NVDA-2025-2,LONG CALL,1.0,10/10/2025,200.0,CALL,1.0,,-1.02,BOUGHT CLOSING CALL,NVDA251010C200
539,True,10/10/2025,NVDA,NVDA-2025-3,CALL-START,83.0,10/17/2025,200.0,CALL,-1.0,0.67,82.33,SOLD OPENING CALL,NVDA251017C200
540,False,10/10/2025,,,,66191.0,,,,20.0,,-13238.2,BOUGHT,IVV
530,False,10/13/2025,RIVN,RIVN-2025-1,LONG PUT,134.0,10/31/2025,14.0,PUT,6.0,4.01,-808.01,BOUGHT CLOSING PUT,RIVN251031P14
531,True,10/13/2025,RIVN,RIVN-2025-2,PUT-START,206.99999999999997,12/19/2025,14.0,PUT,-6.0,4.01,1237.99,SOLD OPENING PUT,RIVN251219P14
529,True,10/14/2025,VOO,VOO-2025-1,CALL-START,120.0,10/17/2025,615.0,CALL,-1.0,0.67,119.33,SOLD OPENING CALL,VOO251017C615
528,True,10/15/2025,MU,MU-2025-17,PUT-START,170.0,10/17/2025,185.0,PUT,-1.0,0.67,169.33,SOLD OPENING PUT,MU251017P185
496,False,10/17/2025,QQQ,QQQ-2025-4,LONG CALL,1.0,10/17/2025,613.0,CALL,1.0,,-1.02,BOUGHT CLOSING CALL,QQQ251017C613
497,True,10/17/2025,MU,MU-2025-14,PUT-START,142.0,10/24/2025,182.5,PUT,-2.0,1.34,282.66,SOLD OPENING PUT,MU251024P182.5
498,True,10/17/2025,VEON,VEON-2025-1,CALL-START,168.0,11/21/2025,60.0,CALL,-1.0,0.67,167.33,SOLD OPENING CALL,VEON251121C60
499,True,10/17/2025,LNC,LNC-2025-1,CALL-START,51.0,11/21/2025,42.5,CALL,-1.0,0.67,50.33,SOLD OPENING CALL,LNC251121C42.5
500,True,10/17/2025,LNC,LNC-2025-2,PUT-START,87.0,11/21/2025,35.0,PUT,-1.0,0.67,86.33,SOLD OPENING PUT,LNC251121P35
501,True,10/17/2025,KSPI,KSPI-2025-1,CALL-START,340.0,11/21/2025,75.0,CALL,-1.0,0.67,339.33,SOLD OPENING CALL,KSPI251121C75
502,True,10/17/2025,JXN,JXN-2025-1,CALL-START,130.0,11/21/2025,110.0,CALL,-3.0,2.01,387.99,SOLD OPENING CALL,JXN251121C110
503,True,10/17/2025,IVV,IVV-2025-1,CALL-START,370.0,10/24/2025,673.0,CALL,-1.0,0.67,369.33,SOLD OPENING CALL,IVV251024C673
504,True,10/17/2025,VOO,VOO-2025-2,CALL-START,103.0,10/24/2025,622.5,CALL,-1.0,0.67,102.33,SOLD OPENING CALL,VOO251024C622.5
505,True,10/17/2025,QQQ,QQQ-2025-5,CALL-START,250.99999999999997,10/24/2025,615.0,CALL,-1.0,0.67,250.33,SOLD OPENING CALL,QQQ251024C615
506,True,10/17/2025,MU,MU-2025-18,PUT-START,275.0,10/24/2025,190.0,PUT,-1.0,0.67,274.33,SOLD OPENING PUT,MU251024P190
507,False,10/17/2025,MU,MU-2025-16,LONG PUT,112.00000000000001,10/24/2025,180.0,PUT,2.0,1.34,-225.34,BOUGHT CLOSING PUT,MU251024P180
508,True,10/17/2025,NVDA,NVDA-2025-4,CALL-START,56.00000000000001,10/24/2025,195.0,CALL,-1.0,0.67,55.33,SOLD OPENING CALL,NVDA251024C195
509,False,10/17/2025,BHF,BHF-2025-1,LONG CALL,5.0,10/17/2025,65.0,CALL,2.0,,-10.04,BOUGHT CLOSING CALL,BHF251017C65
510,False,10/17/2025,MU,MU-2025-17,LONG PUT,2.0,10/17/2025,185.0,PUT,1.0,,-2.02,BOUGHT CLOSING PUT,MU251017P185
511,True,10/17/2025,UNFI,UNFI-2025-1,CALL-START,100.0,11/21/2025,45.0,CALL,-2.0,1.34,198.66,SOLD OPENING CALL,UNFI251121C45
512,True,10/17/2025,KEYS,KEYS-2025-1,CALL-START,200.99999999999997,11/21/2025,180.0,CALL,-1.0,0.67,200.33,SOLD OPENING CALL,KEYS251121C180
513,True,10/17/2025,BHF,BHF-2025-2,CALL-START,70.0,11/21/2025,55.0,CALL,-2.0,1.34,138.66,SOLD OPENING CALL,BHF251121C55
514,False,10/17/2025,VOO,VOO-2025-1,LONG CALL,7.000000000000001,10/17/2025,615.0,CALL,1.0,,-7.02,BOUGHT CLOSING CALL,VOO251017C615
515,False,10/17/2025,NVDA,NVDA-2025-3,LONG CALL,1.0,10/17/2025,200.0,CALL,1.0,,-1.02,BOUGHT CLOSING CALL,NVDA251017C200
516,False,10/17/2025,,,,565.0,,,,-0.957,,5.4,SOLD,QUAD
517,False,10/17/2025,,,,1895.0,,,,-500.0,,9472.5,SOLD,PDI
518,False,10/17/2025,,,,1167.0,,,,-0.725,,8.46,SOLD,PBR
519,False,10/17/2025,,,,1167.0,,,,-852.0,,9942.84,SOLD,PBR
520,False,10/17/2025,,,,1375.0,,,,-1698.0,,23347.5,SOLD,PDO
521,False,10/17/2025,,,,313.0,,,,-6000.0,,18759.0,SOLD,NRO
522,False,10/17/2025,,,,960.0,,,,-0.601,,5.77,SOLD,CRESY
523,False,10/17/2025,,,,959.0,,,,-70.0,,671.07,SOLD,CRESY
524,False,10/17/2025,,,,1227.0,,,,-0.008,,0.1,SOLD,RQI
525,False,10/17/2025,,,,1226.0,,,,-1813.0,,22227.38,SOLD,RQI
526,False,10/17/2025,,,,3985.0,,,,-0.011,,0.44,SOLD,NBR
527,False,10/17/2025,,,,3986.0,,,,-3.0,,119.57,SOLD,NBR
494,False,10/20/2025,MU,MU-2025-14,LONG PUT,35.0,10/24/2025,182.5,PUT,4.0,,-140.07,BOUGHT CLOSING PUT,MU251024P182.5
495,True,10/20/2025,MU,MU-2025-18,PUT-START,92.0,10/24/2025,190.0,PUT,-4.0,2.67,365.33,SOLD OPENING PUT,MU251024P190
490,True,10/21/2025,MU,MU-2025-19,PUT-START,438.0,10/24/2025,202.5,PUT,-2.0,1.34,874.66,SOLD OPENING PUT,MU251024P202.5
491,True,10/21/2025,IVV,IVV-2025-2,CALL-START,855.0000000000001,11/07/2025,676.0,CALL,-1.0,0.67,854.33,SOLD OPENING CALL,IVV251107C676
492,False,10/21/2025,IVV,IVV-2025-1,LONG CALL,475.0,10/24/2025,673.0,CALL,1.0,0.67,-475.67,BOUGHT CLOSING CALL,IVV251024C673
493,False,10/21/2025,MU,MU-2025-18,LONG PUT,95.0,10/24/2025,190.0,PUT,2.0,1.34,-191.34,BOUGHT CLOSING PUT,MU251024P190
489,False,10/23/2025,,,,4500.0,,,,-60.0,,2700.0,SOLD,NBR
482,True,10/24/2025,MU,MU-2025-20,PUT-START,765.0,10/31/2025,217.5,PUT,-2.0,1.34,1528.66,SOLD OPENING PUT,MU251031P217.5
483,False,10/24/2025,MU,MU-2025-19,LONG PUT,1.0,10/24/2025,202.5,PUT,2.0,,-2.04,BOUGHT CLOSING PUT,MU251024P202.5
484,True,10/24/2025,MU,MU-2025-21,CALL-START,752.0,10/31/2025,220.0,CALL,-1.0,0.67,751.33,SOLD OPENING CALL,MU251031C220
485,False,10/24/2025,MU,MU-2025-15,LONG CALL,861.9999999999999,10/24/2025,210.0,CALL,1.0,0.67,-862.67,BOUGHT CLOSING CALL,MU251024C210
486,True,10/24/2025,NVDA,NVDA-2025-5,CALL-START,250.99999999999997,10/31/2025,190.0,CALL,-1.0,0.67,250.33,SOLD OPENING CALL,NVDA251031C190
487,False,10/24/2025,MU,MU-2025-18,LONG PUT,1.0,10/24/2025,190.0,PUT,3.0,,-3.06,BOUGHT CLOSING PUT,MU251024P190
488,False,10/24/2025,NVDA,NVDA-2025-4,LONG CALL,1.0,10/24/2025,195.0,CALL,1.0,,-1.02,BOUGHT CLOSING CALL,NVDA251024C195
474,True,10/27/2025,VOO,VOO-2025-2,CALL-END,,10/24/2025,622.5,CALL,1.0,,0.0,ASSIGNED CALL,VOO251024C622.5
475,True,10/27/2025,QQQ,QQQ-2025-5,CALL-END,,10/24/2025,615.0,CALL,1.0,,0.0,ASSIGNED CALL,QQQ251024C615
476,False,10/27/2025,,,,62250.0,,,,-100.0,,62250.0,SOLD,VOO
477,True,10/27/2025,QQQ,QQQ-2025-6,PUT-START,209.0,11/07/2025,605.0,PUT,-1.0,0.67,208.33,SOLD OPENING PUT,QQQ251107P605
478,True,10/27/2025,QQQ,QQQ-2025-7,PUT-START,129.0,10/31/2025,610.0,PUT,-1.0,0.67,128.33,SOLD OPENING PUT,QQQ251031P610
479,False,10/27/2025,,,,61500.0,,,,-100.0,,61500.0,SOLD,QQQ
480,False,10/27/2025,,,,1200.0,,,,-1800.0,,21600.0,SOLD,CRESY
481,False,10/27/2025,,,,1000.0,,,,-1600.0,,16000.0,SOLD,PAGS
466,True,10/30/2025,NVDA,NVDA-2025-6,PUT-START,137.0,11/07/2025,192.5,PUT,-1.0,0.67,136.33,SOLD OPENING PUT,NVDA251107P192.5
467,True,10/30/2025,QQQ,QQQ-2025-8,PUT-START,274.0,11/07/2025,617.0,PUT,-1.0,0.67,273.33,SOLD OPENING PUT,QQQ251107P617
468,True,10/30/2025,MU,MU-2025-22,CALL-START,1025.0,11/14/2025,230.0,CALL,-1.0,0.67,1024.33,SOLD OPENING CALL,MU251114C230
469,True,10/30/2025,IVV,IVV-2025-3,PUT-START,370.0,11/14/2025,675.0,PUT,-1.0,0.67,369.33,SOLD OPENING PUT,IVV251114P675
470,False,10/30/2025,QQQ,QQQ-2025-6,LONG PUT,118.0,11/07/2025,605.0,PUT,1.0,0.67,-118.67,BOUGHT CLOSING PUT,QQQ251107P605
471,True,10/30/2025,QQQ,QQQ-2025-9,PUT-START,169.0,11/07/2025,610.0,PUT,-1.0,0.67,168.33,SOLD OPENING PUT,QQQ251107P610
472,False,10/30/2025,MU,MU-2025-21,LONG CALL,932.0,10/31/2025,220.0,CALL,1.0,0.67,-932.67,BOUGHT CLOSING CALL,MU251031C220
473,False,10/30/2025,QQQ,QQQ-2025-7,LONG PUT,17.0,10/31/2025,610.0,PUT,1.0,,-17.02,BOUGHT CLOSING PUT,QQQ251031P610
456,True,11/03/2025,MU,MU-2025-20,PUT-EXP,,10/31/2025,217.5,PUT,2.0,,0.0,EXPIRED PUT,MU251031P217.5
457,True,11/03/2025,WFC,WFC-2025-1,CALL-END,,10/31/2025,87.0,CALL,1.0,,0.0,ASSIGNED CALL,WFC251031C87
458,True,11/03/2025,NVDA,NVDA-2025-5,CALL-END,,10/31/2025,190.0,CALL,1.0,,0.0,ASSIGNED CALL,NVDA251031C190
459,True,11/03/2025,KEY,KEY-2025-1,CALL-EXP,,10/31/2025,20.0,CALL,2.0,,0.0,EXPIRED CALL,KEY251031C20
460,False,11/03/2025,,,,8700.0,,,,-100.0,,8700.0,SOLD,WFC
461,True,11/03/2025,MU,MU-2025-23,PUT-START,268.0,11/07/2025,222.5,PUT,-1.0,0.67,267.33,SOLD OPENING PUT,MU251107P222.5
462,True,11/03/2025,WFC,WFC-2025-2,PUT-START,101.0,11/14/2025,85.0,PUT,-1.0,0.67,100.33,SOLD OPENING PUT,WFC251114P85
463,True,11/03/2025,MU,MU-2025-24,PUT-START,405.0,11/07/2025,225.0,PUT,-2.0,1.34,808.66,SOLD OPENING PUT,MU251107P225
464,True,11/03/2025,WFC,WFC-2025-3,PUT-START,90.0,11/07/2025,86.0,PUT,-2.0,1.34,178.66,SOLD OPENING PUT,WFC251107P86
465,False,11/03/2025,,,,19000.0,,,,-100.0,,19000.0,SOLD,NVDA
453,False,11/04/2025,MU,MU-2025-24,LONG PUT,955.0000000000001,11/07/2025,232.5,PUT,1.0,0.67,-955.67,BOUGHT CLOSING PUT,MU251107P232.5
454,True,11/04/2025,MU,MU-2025-24,PUT-START,1310.0,11/07/2025,232.5,PUT,-1.0,0.67,1309.33,SOLD OPENING PUT,MU251107P232.5
455,True,11/04/2025,MU,MU-2025-25,PUT-START,585.0,11/07/2025,220.0,PUT,-1.0,0.67,584.33,SOLD OPENING PUT,MU251107P220
451,False,11/05/2025,MU,MU-2025-23,LONG PUT,523.0,11/07/2025,222.5,PUT,1.0,0.67,-523.67,BOUGHT CLOSING PUT,MU251107P222.5
452,True,11/05/2025,MU,MU-2025-26,PUT-START,653.0,11/14/2025,220.0,PUT,-1.0,0.67,652.33,SOLD OPENING PUT,MU251114P220
448,True,11/06/2025,TGT,TGT-2025-1,PUT-START,219.0,11/14/2025,91.0,PUT,-2.0,1.34,436.66,SOLD OPENING PUT,TGT251114P91
449,True,11/06/2025,MU,MU-2025-27,PUT-START,509.0,11/14/2025,230.0,PUT,-1.0,0.67,508.33,SOLD OPENING PUT,MU251114P230
450,False,11/06/2025,MU,MU-2025-25,LONG PUT,28.000000000000004,11/07/2025,220.0,PUT,1.0,,-28.02,BOUGHT CLOSING PUT,MU251107P220
438,True,11/07/2025,NVDA,NVDA-2025-7,PUT-START,1314.0,11/14/2025,192.5,PUT,-1.0,0.67,1313.33,SOLD OPENING PUT,NVDA251114P192.5
439,False,11/07/2025,NVDA,NVDA-2025-6,LONG PUT,1199.0,11/07/2025,192.5,PUT,1.0,0.67,-1199.67,BOUGHT CLOSING PUT,NVDA251107P192.5
440,False,11/07/2025,QQQ,QQQ-2025-8,LONG PUT,1623.9999999999998,11/07/2025,617.0,PUT,1.0,0.67,-1624.67,BOUGHT CLOSING PUT,QQQ251107P617
441,True,11/07/2025,QQQ,QQQ-2025-10,PUT-START,1823.0,11/14/2025,617.0,PUT,-1.0,0.67,1822.33,SOLD OPENING PUT,QQQ251114P617
442,True,11/07/2025,WFC,WFC-2025-4,PUT-START,145.0,11/14/2025,86.0,PUT,-2.0,1.34,288.66,SOLD OPENING PUT,WFC251114P86
443,True,11/07/2025,QQQ,QQQ-2025-11,PUT-START,1333.0,11/14/2025,610.0,PUT,-1.0,0.67,1332.33,SOLD OPENING PUT,QQQ251114P610
444,False,11/07/2025,MU,MU-2025-24,LONG PUT,5.0,11/07/2025,225.0,PUT,2.0,,-10.04,BOUGHT CLOSING PUT,MU251107P225
445,False,11/07/2025,WFC,WFC-2025-3,LONG PUT,43.0,11/07/2025,86.0,PUT,2.0,,-86.04,BOUGHT CLOSING PUT,WFC251107P86
446,False,11/07/2025,QQQ,QQQ-2025-9,LONG PUT,925.0,11/07/2025,610.0,PUT,1.0,0.67,-925.67,BOUGHT CLOSING PUT,QQQ251107P610
447,False,11/07/2025,IVV,IVV-2025-2,LONG CALL,5.0,11/07/2025,676.0,CALL,1.0,,-5.02,BOUGHT CLOSING CALL,IVV251107C676
435,True,11/10/2025,MU,MU-2025-27,PUT-START,98.0,11/14/2025,230.0,PUT,-1.0,0.67,97.33,SOLD OPENING PUT,MU251114P230
436,False,11/10/2025,MU,MU-2025-26,LONG PUT,42.0,11/14/2025,220.0,PUT,1.0,,-42.02,BOUGHT CLOSING PUT,MU251114P220
437,False,11/10/2025,WFC,WFC-2025-4,LONG PUT,384.0,03/20/2026,82.5,PUT,3.0,2.01,-1154.01,BOUGHT OPENING PUT,WFC260320P82.5
431,True,11/11/2025,GLD,GLD-2025-1,PUT-START,397.0,11/17/2025,379.0,PUT,-1.0,0.67,396.33,SOLD OPENING PUT,GLD251117P379
432,True,11/11/2025,MU,MU-2025-28,CALL-START,1460.0,12/05/2025,250.0,CALL,-1.0,0.67,1459.33,SOLD OPENING CALL,MU251205C250
433,True,11/11/2025,GLD,GLD-2025-2,PUT-START,310.0,11/14/2025,379.0,PUT,-1.0,0.67,309.33,SOLD OPENING PUT,GLD251114P379
434,False,11/11/2025,MU,MU-2025-22,LONG CALL,1710.0000000000002,11/14/2025,230.0,CALL,1.0,0.67,-1710.67,BOUGHT CLOSING CALL,MU251114C230
430,False,11/12/2025,LNC,LNC-2025-2,LONG PUT,4.0,11/21/2025,35.0,PUT,1.0,,-4.02,BOUGHT CLOSING PUT,LNC251121P35
429,False,11/13/2025,,,,38500.0,,,,15.0,,-5775.0,BOUGHT,GLD
417,True,11/14/2025,QQQ,QQQ-2025-12,PUT-START,1272.0,11/19/2025,615.0,PUT,-1.0,0.67,1271.33,SOLD OPENING PUT,QQQ251119P615
418,True,11/14/2025,GLD,GLD-2025-3,PUT-START,586.0,11/19/2025,377.0,PUT,-1.0,0.67,585.33,SOLD OPENING PUT,GLD251119P377
419,True,11/14/2025,WFC,WFC-2025-5,PUT-START,254.99999999999997,11/21/2025,86.0,PUT,-2.0,1.34,508.66,SOLD OPENING PUT,WFC251121P86
420,True,11/14/2025,TGT,TGT-2025-2,PUT-START,469.00000000000006,11/28/2025,90.0,PUT,-2.0,1.34,936.66,SOLD OPENING PUT,TGT251128P90
421,False,11/14/2025,QQQ,QQQ-2025-10,LONG PUT,1165.0,11/14/2025,617.0,PUT,1.0,0.67,-1165.67,BOUGHT CLOSING PUT,QQQ251114P617
422,False,11/14/2025,GLD,GLD-2025-2,LONG PUT,486.00000000000006,11/14/2025,379.0,PUT,1.0,0.67,-486.67,BOUGHT CLOSING PUT,GLD251114P379
423,False,11/14/2025,WFC,WFC-2025-2,LONG PUT,10.0,11/14/2025,85.0,PUT,1.0,,-10.02,BOUGHT CLOSING PUT,WFC251114P85
424,False,11/14/2025,WFC,WFC-2025-4,LONG PUT,200.99999999999997,11/14/2025,86.0,PUT,2.0,1.34,-403.34,BOUGHT CLOSING PUT,WFC251114P86
425,False,11/14/2025,TGT,TGT-2025-1,LONG PUT,104.0,11/14/2025,91.0,PUT,2.0,1.34,-209.34,BOUGHT CLOSING PUT,TGT251114P91
426,False,11/14/2025,MU,MU-2025-27,LONG PUT,14.000000000000002,11/14/2025,230.0,PUT,2.0,,-28.04,BOUGHT CLOSING PUT,MU251114P230
427,True,11/14/2025,MU,MU-2025-29,PUT-START,747.0,11/21/2025,240.0,PUT,-1.0,0.67,746.33,SOLD OPENING PUT,MU251121P240
428,True,11/14/2025,MU,MU-2025-29,PUT-START,748.0,11/21/2025,240.0,PUT,-1.0,0.67,747.33,SOLD OPENING PUT,MU251121P240
408,True,11/17/2025,NVDA,NVDA-2025-7,PUT-END,,11/14/2025,192.5,PUT,1.0,,0.0,ASSIGNED PUT,NVDA251114P192.5
409,True,11/17/2025,QQQ,QQQ-2025-11,PUT-END,,11/14/2025,610.0,PUT,1.0,,0.0,ASSIGNED PUT,QQQ251114P610
410,True,11/17/2025,IVV,IVV-2025-3,PUT-EXP,,11/14/2025,675.0,PUT,1.0,,0.0,EXPIRED PUT,IVV251114P675
411,False,11/17/2025,,,,8502.0,,,,-0.053,,4.51,SOLD,WFC
412,False,11/17/2025,MU,MU-2025-29,LONG PUT,900.0,11/21/2025,245.0,PUT,1.0,0.67,-900.67,BOUGHT OPENING PUT,MU251121P245
413,False,11/17/2025,LNC,LNC-2025-1,LONG CALL,5.0,11/21/2025,42.5,CALL,1.0,,-5.02,BOUGHT CLOSING CALL,LNC251121C42.5
414,True,11/17/2025,MU,MU-2025-30,PUT-START,400.0,11/21/2025,230.0,PUT,-1.0,0.67,399.33,SOLD OPENING PUT,MU251121P230
415,False,11/17/2025,,,,19250.0,,,,100.0,,-19250.0,BOUGHT,NVDA
416,False,11/17/2025,,,,61000.0,,,,100.0,,-61000.0,BOUGHT,QQQ
402,True,11/18/2025,GLD,GLD-2025-1,PUT-END,,11/17/2025,379.0,PUT,1.0,,0.0,ASSIGNED PUT,GLD251117P379
403,True,11/18/2025,QQQ,QQQ-2025-13,PUT-START,2027.0,11/26/2025,615.0,PUT,-1.0,0.67,2026.33,SOLD OPENING PUT,QQQ251126P615
404,False,11/18/2025,QQQ,QQQ-2025-12,LONG PUT,1873.0,11/19/2025,615.0,PUT,1.0,0.67,-1873.67,BOUGHT CLOSING PUT,QQQ251119P615
405,False,11/18/2025,MU,MU-2025-29,LONG PUT,1680.0,11/21/2025,245.0,PUT,-1.0,0.67,1679.33,SOLD CLOSING PUT,MU251121P245
406,False,11/18/2025,,,,37900.0,,,,100.0,,-37900.0,BOUGHT,GLD
407,False,11/18/2025,,,,60101.0,,,,-0.194,,116.59,SOLD,QQQ
398,False,11/19/2025,GLD,GLD-2025-3,LONG PUT,229.0,11/19/2025,377.0,PUT,1.0,0.67,-229.67,BOUGHT CLOSING PUT,GLD251119P377
399,True,11/19/2025,GLD,GLD-2025-4,PUT-START,437.0,11/21/2025,377.0,PUT,-1.0,0.67,436.33,SOLD OPENING PUT,GLD251121P377
400,True,11/19/2025,MU,MU-2025-31,PUT-START,2005.0,11/28/2025,235.0,PUT,-2.0,1.34,4008.66,SOLD OPENING PUT,MU251128P235
401,False,11/19/2025,MU,MU-2025-29,LONG PUT,2193.0,11/21/2025,240.0,PUT,2.0,1.34,-4387.34,BOUGHT CLOSING PUT,MU251121P240
390,True,11/20/2025,TQQQ,TQQQ-2025-1,PUT-START,70.0,11/21/2025,48.0,PUT,-1.0,0.67,69.33,SOLD OPENING PUT,TQQQ251121P48
391,True,11/20/2025,WFC,WFC-2025-6,PUT-START,75.0,11/28/2025,84.0,PUT,-1.0,0.67,74.33,SOLD OPENING PUT,WFC251128P84
392,False,11/20/2025,QQQ,QQQ-2025-4,LONG CALL,9.0,11/21/2025,618.0,CALL,1.0,,-9.02,BOUGHT CLOSING CALL,QQQ251121C618
393,True,11/20/2025,QQQ,QQQ-2025-11,CALL-START,160.0,11/21/2025,618.0,CALL,-1.0,0.67,159.33,SOLD OPENING CALL,QQQ251121C618
394,True,11/20/2025,QQQ,QQQ-2025-11,CALL-START,186.0,11/21/2025,600.0,CALL,-1.0,0.67,185.33,SOLD OPENING CALL,QQQ251121C600
395,False,11/20/2025,NVDA,NVDA-2025-4,LONG CALL,6.0,11/21/2025,200.0,CALL,1.0,,-6.02,BOUGHT CLOSING CALL,NVDA251121C200
396,True,11/20/2025,NVDA,NVDA-2025-7,CALL-START,114.99999999999999,11/21/2025,200.0,CALL,-1.0,0.67,114.33,SOLD OPENING CALL,NVDA251121C200
397,True,11/20/2025,NVDA,NVDA-2025-7,CALL-START,65.0,11/21/2025,190.0,CALL,-1.0,0.67,64.33,SOLD OPENING CALL,NVDA251121C190
380,True,11/21/2025,WFC,WFC-2025-5,PUT-END,,11/21/2025,86.0,PUT,2.0,,0.0,ASSIGNED PUT,WFC251121P86
381,True,11/21/2025,MU,MU-2025-30,PUT-END,,11/21/2025,230.0,PUT,1.0,,0.0,ASSIGNED PUT,MU251121P230
382,False,11/21/2025,,,,8600.0,,,,200.0,,-17200.0,BOUGHT,WFC
383,True,11/21/2025,WFC,WFC-2025-5,CALL-START,50.0,12/05/2025,86.0,CALL,-2.0,1.34,98.66,SOLD OPENING CALL,WFC251205C86
384,True,11/21/2025,GLD,GLD-2025-1,CALL-START,47.0,11/28/2025,390.0,CALL,-1.0,0.67,46.33,SOLD OPENING CALL,GLD251128C390
385,True,11/21/2025,NVDA,NVDA-2025-7,CALL-START,112.99999999999999,11/28/2025,190.0,CALL,-1.0,0.67,112.33,SOLD OPENING CALL,NVDA251128C190
386,False,11/21/2025,MU,MU-2025-28,LONG CALL,770.0,11/28/2025,210.0,CALL,1.0,0.67,-770.67,BOUGHT OPENING CALL,MU251128C210
387,True,11/21/2025,MU,MU-2025-30,CALL-START,125.0,11/28/2025,230.0,CALL,-1.0,0.67,124.33,SOLD OPENING CALL,MU251128C230
388,False,11/21/2025,NVDA,NVDA-2025-7,LONG CALL,3.0,11/21/2025,190.0,CALL,1.0,,-3.02,BOUGHT CLOSING CALL,NVDA251121C190
389,False,11/21/2025,,,,23000.0,,,,100.0,,-23000.0,BOUGHT,MU
366,True,11/24/2025,TQQQ,TQQQ-2025-1,PUT-END,,11/21/2025,48.0,PUT,1.0,,0.0,ASSIGNED PUT,TQQQ251121P48
367,True,11/24/2025,GLD,GLD-2025-4,PUT-END,,11/21/2025,377.0,PUT,1.0,,0.0,ASSIGNED PUT,GLD251121P377
368,True,11/24/2025,VEON,VEON-2025-1,CALL-EXP,,11/21/2025,60.0,CALL,1.0,,0.0,EXPIRED CALL,VEON251121C60
369,True,11/24/2025,KSPI,KSPI-2025-1,CALL-EXP,,11/21/2025,75.0,CALL,1.0,,0.0,EXPIRED CALL,KSPI251121C75
370,True,11/24/2025,JXN,JXN-2025-1,CALL-EXP,,11/21/2025,110.0,CALL,3.0,,0.0,EXPIRED CALL,JXN251121C110
371,True,11/24/2025,UNFI,UNFI-2025-1,CALL-EXP,,11/21/2025,45.0,CALL,2.0,,0.0,EXPIRED CALL,UNFI251121C45
372,True,11/24/2025,QQQ,QQQ-2025-11,CALL-EXP,,11/21/2025,600.0,CALL,1.0,,0.0,EXPIRED CALL,QQQ251121C600
373,True,11/24/2025,KEYS,KEYS-2025-1,CALL-EXP,,11/21/2025,180.0,CALL,1.0,,0.0,EXPIRED CALL,KEYS251121C180
374,True,11/24/2025,BHF,BHF-2025-2,CALL-END,,11/21/2025,55.0,CALL,2.0,,0.0,ASSIGNED CALL,BHF251121C55
375,True,11/24/2025,TQQQ,TQQQ-2025-1,CALL-START,91.0,11/28/2025,51.75,CALL,-1.0,0.67,90.33,SOLD OPENING CALL,TQQQ251128C51.75
376,True,11/24/2025,GLD,GLD-2025-1,CALL-START,23.0,11/28/2025,390.0,CALL,-1.0,0.67,22.33,SOLD OPENING CALL,GLD251128C390
377,False,11/24/2025,,,,37700.0,,,,100.0,,-37700.0,BOUGHT,GLD
378,False,11/24/2025,,,,4800.0,,,,100.0,,-4800.0,BOUGHT,TQQQ
379,False,11/24/2025,,,,5500.0,,,,-200.0,,11000.0,SOLD,BHF
361,True,11/26/2025,TQQQ,TQQQ-2025-2,PUT-START,63.0,12/05/2025,50.0,PUT,-4.0,2.67,249.33,SOLD OPENING PUT,TQQQ251205P50
362,True,11/26/2025,AMZN,AMZN-2025-1,PUT-START,147.0,12/05/2025,222.5,PUT,-1.0,0.67,146.33,SOLD OPENING PUT,AMZN251205P222.5
363,True,11/26/2025,WFC,WFC-2025-7,PUT-START,57.99999999999999,12/05/2025,84.0,PUT,-3.0,2.01,171.99,SOLD OPENING PUT,WFC251205P84
364,False,11/26/2025,TGT,TGT-2025-2,LONG PUT,200.0,11/28/2025,90.0,PUT,2.0,1.34,-401.34,BOUGHT CLOSING PUT,TGT251128P90
365,False,11/26/2025,MU,MU-2025-28,LONG CALL,2030.0,11/28/2025,210.0,CALL,-1.0,0.67,2029.33,SOLD CLOSING CALL,MU251128C210
359,True,11/28/2025,QQQ,QQQ-2025-13,PUT-END,,11/26/2025,615.0,PUT,1.0,,0.0,ASSIGNED PUT,QQQ251126P615
360,False,11/28/2025,,,,61500.0,,,,100.0,,-61500.0,BOUGHT,QQQ
348,True,12/01/2025,TQQQ,TQQQ-2025-1,CALL-END,,11/28/2025,51.75,CALL,1.0,,0.0,ASSIGNED CALL,TQQQ251128C51.75
349,True,12/01/2025,GLD,GLD-2025-1,CALL-EXP,,11/28/2025,390.0,CALL,2.0,,0.0,EXPIRED CALL,GLD251128C390
350,True,12/01/2025,WFC,WFC-2025-6,PUT-EXP,,11/28/2025,84.0,PUT,1.0,,0.0,EXPIRED PUT,WFC251128P84
351,True,12/01/2025,NVDA,NVDA-2025-7,CALL-EXP,,11/28/2025,190.0,CALL,1.0,,0.0,EXPIRED CALL,NVDA251128C190
352,True,12/01/2025,MU,MU-2025-31,PUT-EXP,,11/28/2025,235.0,PUT,2.0,,0.0,EXPIRED PUT,MU251128P235
353,True,12/01/2025,MU,MU-2025-30,CALL-END,,11/28/2025,230.0,CALL,1.0,,0.0,ASSIGNED CALL,MU251128C230
354,True,12/01/2025,QQQ,QQQ-2025-11,CALL-START,80.0,12/05/2025,630.0,CALL,-2.0,1.33,158.67,SOLD OPENING CALL,QQQ251205C630
355,True,12/01/2025,GLD,GLD-2025-1,CALL-START,200.0,12/05/2025,396.0,CALL,-2.0,1.33,398.67,SOLD OPENING CALL,GLD251205C396
356,True,12/01/2025,NVDA,NVDA-2025-7,CALL-START,50.0,12/05/2025,190.0,CALL,-1.0,0.66,49.34,SOLD OPENING CALL,NVDA251205C190
357,False,12/01/2025,,,,5175.0,,,,-100.0,,5175.0,SOLD,TQQQ
358,False,12/01/2025,,,,23000.0,,,,-100.0,,23000.0,SOLD,MU
341,True,12/04/2025,TQQQ,TQQQ-2025-3,PUT-START,128.0,12/12/2025,53.5,PUT,-4.0,2.66,509.34,SOLD OPENING PUT,TQQQ251212P53.5
342,False,12/04/2025,TQQQ,TQQQ-2025-2,LONG PUT,3.0,12/05/2025,50.0,PUT,4.0,,-12.06,BOUGHT CLOSING PUT,TQQQ251205P50
343,True,12/04/2025,WFC,WFC-2025-8,PUT-START,86.0,12/12/2025,89.0,PUT,-2.0,1.33,170.67,SOLD OPENING PUT,WFC251212P89
344,True,12/04/2025,QQQ,QQQ-2025-11,CALL-START,341.0,12/12/2025,630.0,CALL,-2.0,1.33,680.67,SOLD OPENING CALL,QQQ251212C630
345,True,12/04/2025,NVDA,NVDA-2025-7,CALL-START,156.0,12/12/2025,190.0,CALL,-1.0,0.66,155.34,SOLD OPENING CALL,NVDA251212C190
346,False,12/04/2025,QQQ,QQQ-2025-11,LONG CALL,11.0,12/05/2025,630.0,CALL,2.0,,-22.03,BOUGHT CLOSING CALL,QQQ251205C630
347,False,12/04/2025,NVDA,NVDA-2025-7,LONG CALL,5.0,12/05/2025,190.0,CALL,1.0,,-5.01,BOUGHT CLOSING CALL,NVDA251205C190
335,False,12/05/2025,AMZN,AMZN-2025-1,LONG PUT,4.0,12/05/2025,222.5,PUT,1.0,,-4.01,BOUGHT CLOSING PUT,AMZN251205P222.5
336,True,12/05/2025,GLD,GLD-2025-1,CALL-START,108.0,12/12/2025,400.0,CALL,-2.0,1.33,214.67,SOLD OPENING CALL,GLD251212C400
337,True,12/05/2025,WFC,WFC-2025-8,PUT-START,70.0,12/12/2025,89.0,PUT,-1.0,0.66,69.34,SOLD OPENING PUT,WFC251212P89
338,True,12/05/2025,MU,MU-2025-30,CALL-START,254.0,12/12/2025,250.0,CALL,-1.0,0.66,253.34,SOLD OPENING CALL,MU251212C250
339,False,12/05/2025,GLD,GLD-2025-1,LONG CALL,3.0,12/05/2025,396.0,CALL,2.0,,-6.03,BOUGHT CLOSING CALL,GLD251205C396
340,False,12/05/2025,MU,MU-2025-28,LONG CALL,4.0,12/05/2025,250.0,CALL,1.0,,-4.01,BOUGHT CLOSING CALL,MU251205C250
331,True,12/08/2025,WFC,WFC-2025-5,CALL-END,,12/05/2025,86.0,CALL,2.0,,0.0,ASSIGNED CALL,WFC251205C86
332,True,12/08/2025,WFC,WFC-2025-7,PUT-EXP,,12/05/2025,84.0,PUT,3.0,,0.0,EXPIRED PUT,WFC251205P84
333,False,12/08/2025,,,,8600.0,,,,-200.0,,17200.0,SOLD,WFC
334,True,12/08/2025,GLD,GLD-2025-5,PUT-START,264.0,12/12/2025,384.0,PUT,-2.0,1.33,526.67,SOLD OPENING PUT,GLD251212P384
329,False,12/09/2025,TQQQ,TQQQ-2025-3,LONG PUT,65.0,12/12/2025,53.5,PUT,4.0,,-260.06,BOUGHT CLOSING PUT,TQQQ251212P53.5
330,True,12/09/2025,IWM,IWM-2025-1,PUT-START,75.0,12/12/2025,246.0,PUT,-1.0,0.66,74.34,SOLD OPENING PUT,IWM251212P246
314,True,12/12/2025,QQQ,QQQ-2025-11,CALL-START,84.0,12/16/2025,625.0,CALL,-2.0,1.33,166.67,SOLD OPENING CALL,QQQ251216C625
315,True,12/12/2025,IWM,IWM-2025-2,PUT-START,83.0,12/16/2025,253.0,PUT,-1.0,0.66,82.34,SOLD OPENING PUT,IWM251216P253
316,True,12/12/2025,WFC,WFC-2025-9,PUT-START,65.0,12/19/2025,91.0,PUT,-3.0,1.99,193.01,SOLD OPENING PUT,WFC251219P91
317,False,12/12/2025,GLD,GLD-2025-5,LONG PUT,1.0,12/12/2025,384.0,PUT,2.0,,-2.03,BOUGHT CLOSING PUT,GLD251212P384
318,False,12/12/2025,GLD,GLD-2025-1,LONG CALL,1.0,12/12/2025,400.0,CALL,1.0,,-1.01,BOUGHT CLOSING CALL,GLD251212C400
319,False,12/12/2025,GLD,GLD-2025-1,LONG CALL,2.0,12/12/2025,400.0,CALL,1.0,,-2.01,BOUGHT CLOSING CALL,GLD251212C400
320,False,12/12/2025,WFC,WFC-2025-8,LONG PUT,1.0,12/12/2025,89.0,PUT,3.0,,-3.04,BOUGHT CLOSING PUT,WFC251212P89
321,False,12/12/2025,QQQ,QQQ-2025-11,LONG CALL,1.0,12/12/2025,630.0,CALL,2.0,,-2.03,BOUGHT CLOSING CALL,QQQ251212C630
322,False,12/12/2025,NVDA,NVDA-2025-7,LONG CALL,1.0,12/12/2025,190.0,CALL,1.0,,-1.01,BOUGHT CLOSING CALL,NVDA251212C190
323,False,12/12/2025,IWM,IWM-2025-1,LONG PUT,1.0,12/12/2025,246.0,PUT,1.0,,-1.01,BOUGHT CLOSING PUT,IWM251212P246
324,True,12/12/2025,GLD,GLD-2025-1,CALL-START,173.0,12/19/2025,403.0,CALL,-1.0,0.66,172.34,SOLD OPENING CALL,GLD251219C403
325,True,12/12/2025,GLD,GLD-2025-1,CALL-START,174.0,12/19/2025,403.0,CALL,-1.0,0.66,173.34,SOLD OPENING CALL,GLD251219C403
326,True,12/12/2025,GLD,GLD-2025-6,PUT-START,159.0,12/19/2025,387.0,PUT,-2.0,1.33,316.67,SOLD OPENING PUT,GLD251219P387
327,True,12/12/2025,NVDA,NVDA-2025-7,CALL-START,74.0,12/19/2025,187.0,CALL,-1.0,0.66,73.34,SOLD OPENING CALL,NVDA251219C187
328,False,12/12/2025,,,,5800.0,,,,500.0,,-29000.0,BOUGHT,JEPQ
312,True,12/15/2025,MU,MU-2025-30,CALL-EXP,,12/12/2025,250.0,CALL,1.0,,0.0,EXPIRED CALL,MU251212C250
313,False,12/15/2025,RIVN,RIVN-2025-2,LONG PUT,1.0,12/19/2025,14.0,PUT,6.0,,-6.08,BOUGHT CLOSING PUT,RIVN251219P14
308,True,12/16/2025,IWM,IWM-2025-3,PUT-START,331.0,12/23/2025,252.0,PUT,-1.0,0.66,330.34,SOLD OPENING PUT,IWM251223P252
309,False,12/16/2025,QQQ,QQQ-2025-11,LONG CALL,1.0,12/16/2025,625.0,CALL,2.0,,-2.03,BOUGHT CLOSING CALL,QQQ251216C625
310,False,12/16/2025,IWM,IWM-2025-2,LONG PUT,273.0,12/16/2025,253.0,PUT,1.0,0.66,-273.66,BOUGHT CLOSING PUT,IWM251216P253
311,True,12/16/2025,QQQ,QQQ-2025-11,CALL-START,43.0,12/19/2025,625.0,CALL,-2.0,1.33,84.67,SOLD OPENING CALL,QQQ251219C625
304,False,12/17/2025,MU,MU-2025-28,LONG CALL,79.0,12/19/2025,270.0,CALL,1.0,0.66,-79.66,BOUGHT CLOSING CALL,MU251219C270
305,True,12/17/2025,MU,MU-2025-30,CALL-START,195.0,12/19/2025,270.0,CALL,-1.0,0.66,194.34,SOLD OPENING CALL,MU251219C270
306,True,12/17/2025,MU,MU-2025-30,CALL-START,147.0,12/19/2025,260.0,CALL,-1.0,0.66,146.34,SOLD OPENING CALL,MU251219C260
307,True,12/17/2025,MU,MU-2025-32,PUT-START,270.0,12/19/2025,210.0,PUT,-1.0,0.66,269.34,SOLD OPENING PUT,MU251219P210
290,True,12/19/2025,GLD,GLD-2025-1,CALL-START,210.0,12/26/2025,403.0,CALL,-2.0,1.33,418.67,SOLD OPENING CALL,GLD251226C403
291,False,12/19/2025,WFC,WFC-2025-9,LONG PUT,1.0,12/19/2025,91.0,PUT,3.0,,-3.04,BOUGHT CLOSING PUT,WFC251219P91
292,True,12/19/2025,QQQ,QQQ-2025-11,CALL-START,38.0,12/26/2025,628.0,CALL,-2.0,1.33,74.67,SOLD OPENING CALL,QQQ251226C628
293,True,12/19/2025,MU,MU-2025-30,CALL-START,1112.0,12/26/2025,260.0,CALL,-1.0,0.66,1111.34,SOLD OPENING CALL,MU251226C260
294,True,12/19/2025,MU,MU-2025-33,PUT-START,301.0,12/26/2025,250.0,PUT,-1.0,0.66,300.34,SOLD OPENING PUT,MU251226P250
295,True,12/19/2025,GILD,GILD-2025-1,PUT-START,69.0,12/26/2025,123.0,PUT,-2.0,1.33,136.67,SOLD OPENING PUT,GILD251226P123
296,True,12/19/2025,AMZN,AMZN-2025-2,PUT-START,43.0,12/26/2025,220.0,PUT,-3.0,1.99,127.01,SOLD OPENING PUT,AMZN251226P220
297,False,12/19/2025,GLD,GLD-2025-1,LONG CALL,1.0,12/19/2025,403.0,CALL,2.0,,-2.03,BOUGHT CLOSING CALL,GLD251219C403
298,False,12/19/2025,GLD,GLD-2025-6,LONG PUT,1.0,12/19/2025,387.0,PUT,2.0,,-2.03,BOUGHT CLOSING PUT,GLD251219P387
299,False,12/19/2025,MU,MU-2025-30,LONG CALL,651.0,12/19/2025,260.0,CALL,1.0,0.66,-651.66,BOUGHT CLOSING CALL,MU251219C260
300,False,12/19/2025,NVDA,NVDA-2025-7,LONG CALL,1.0,12/19/2025,187.0,CALL,1.0,,-1.01,BOUGHT CLOSING CALL,NVDA251219C187
301,False,12/19/2025,MU,MU-2025-32,LONG PUT,1.0,12/19/2025,210.0,PUT,1.0,,-1.01,BOUGHT CLOSING PUT,MU251219P210
302,False,12/19/2025,QQQ,QQQ-2025-11,LONG CALL,1.0,12/19/2025,625.0,CALL,2.0,,-2.03,BOUGHT CLOSING CALL,QQQ251219C625
303,False,12/19/2025,,,,12480.0,,,,100.0,,-12480.0,BOUGHT,GILD
288,False,12/23/2025,IWM,IWM-2025-3,LONG PUT,1.0,12/23/2025,252.0,PUT,1.0,,-1.01,BOUGHT CLOSING PUT,IWM251223P252
289,True,12/23/2025,IWM,IWM-2025-4,PUT-START,77.0,12/26/2025,252.0,PUT,-1.0,0.66,76.34,SOLD OPENING PUT,IWM251226P252
282,False,12/26/2025,GLD,GLD-2025-1,LONG CALL,1332.0,12/26/2025,403.0,CALL,2.0,1.33,-2665.33,BOUGHT CLOSING CALL,GLD251226C403
283,True,12/26/2025,GLD,GLD-2025-1,CALL-START,1457.0,01/02/2026,403.0,CALL,-2.0,1.33,2912.67,SOLD OPENING CALL,GLD260102C403
284,True,12/26/2025,MU,MU-2025-34,PUT-START,120.0,01/02/2026,265.0,PUT,-1.0,0.66,119.34,SOLD OPENING PUT,MU260102P265
285,True,12/26/2025,AMZN,AMZN-2025-3,PUT-START,36.0,01/02/2026,225.0,PUT,-3.0,1.99,106.01,SOLD OPENING PUT,AMZN260102P225
286,False,12/26/2025,MU,MU-2025-33,LONG PUT,1.0,12/26/2025,250.0,PUT,1.0,,-1.01,BOUGHT CLOSING PUT,MU251226P250
287,False,12/26/2025,AMZN,AMZN-2025-2,LONG PUT,1.0,12/26/2025,220.0,PUT,3.0,,-3.04,BOUGHT CLOSING PUT,AMZN251226P220
273,True,12/29/2025,QQQ,QQQ-2025-11,CALL-EXP,,12/26/2025,628.0,CALL,2.0,,0.0,EXPIRED CALL,QQQ251226C628
274,True,12/29/2025,MU,MU-2025-30,CALL-END,,12/26/2025,260.0,CALL,1.0,,0.0,ASSIGNED CALL,MU251226C260
275,True,12/29/2025,IWM,IWM-2025-4,PUT-END,,12/26/2025,252.0,PUT,1.0,,0.0,ASSIGNED PUT,IWM251226P252
276,True,12/29/2025,GILD,GILD-2025-1,PUT-EXP,,12/26/2025,123.0,PUT,2.0,,0.0,EXPIRED PUT,GILD251226P123
277,True,12/29/2025,IWM,IWM-2025-5,PUT-START,50.0,01/02/2026,247.0,PUT,-2.0,1.33,98.67,SOLD OPENING PUT,IWM260102P247
278,True,12/29/2025,IWM,IWM-2025-4,CALL-START,46.0,01/02/2026,254.0,CALL,-1.0,0.66,45.34,SOLD OPENING CALL,IWM260102C254
279,True,12/29/2025,QQQ,QQQ-2025-11,CALL-START,107.0,01/02/2026,628.0,CALL,-1.0,0.66,106.34,SOLD OPENING CALL,QQQ260102C628
280,False,12/29/2025,,,,26000.0,,,,-100.0,,26000.0,SOLD,MU
281,False,12/29/2025,,,,25200.0,,,,100.0,,-25200.0,BOUGHT,IWM
271,True,12/30/2025,GILD,GILD-2025-2,PUT-START,100.0,01/02/2026,124.0,PUT,-1.0,0.66,99.34,SOLD OPENING PUT,GILD260102P124
272,True,12/30/2025,GILD,GILD-2025-3,CALL-START,30.0,01/02/2026,125.0,CALL,-1.0,0.66,29.34,SOLD OPENING CALL,GILD260102C125
269,True,12/31/2025,IWM,IWM-2025-4,CALL-START,46.0,01/09/2026,253.0,CALL,-1.0,0.66,45.34,SOLD OPENING CALL,IWM260109C253
270,False,12/31/2025,IWM,IWM-2025-4,LONG CALL,1.0,01/02/2026,254.0,CALL,1.0,,-1.01,BOUGHT CLOSING CALL,IWM260102C254
257,True,01/02/2026,GILD,GILD-2026-4,PUT-START,372.0,01/16/2026,124.0,PUT,-1.0,0.67,371.33,SOLD OPENING PUT,GILD260116P124
258,True,01/02/2026,GLD,GLD-2025-1,CALL-START,263.0,01/09/2026,403.0,CALL,-2.0,1.35,524.65,SOLD OPENING CALL,GLD260109C403
259,False,01/02/2026,GLD,GLD-2025-1,LONG CALL,1.0,01/02/2026,403.0,CALL,2.0,,-2.05,BOUGHT CLOSING CALL,GLD260102C403
260,True,01/02/2026,QQQ,QQQ-2025-11,CALL-START,97.0,01/09/2026,625.0,CALL,-2.0,1.35,192.65,SOLD OPENING CALL,QQQ260109C625
261,True,01/02/2026,IWM,IWM-2026-6,PUT-START,194.0,01/09/2026,247.0,PUT,-1.0,0.67,193.33,SOLD OPENING PUT,IWM260109P247
262,True,01/02/2026,IWM,IWM-2026-6,PUT-START,157.0,01/09/2026,247.0,PUT,-2.0,1.35,312.65,SOLD OPENING PUT,IWM260109P247
263,True,01/02/2026,AMZN,AMZN-2026-4,PUT-START,240.0,01/09/2026,225.0,PUT,-3.0,2.02,717.98,SOLD OPENING PUT,AMZN260109P225
264,False,01/02/2026,IWM,IWM-2025-5,LONG PUT,2.0,01/02/2026,247.0,PUT,2.0,,-4.05,BOUGHT CLOSING PUT,IWM260102P247
265,False,01/02/2026,GILD,GILD-2025-2,LONG PUT,229.99999999999997,01/02/2026,124.0,PUT,1.0,0.67,-230.67,BOUGHT CLOSING PUT,GILD260102P124
266,False,01/02/2026,QQQ,QQQ-2025-11,LONG CALL,1.0,01/02/2026,628.0,CALL,1.0,,-1.02,BOUGHT CLOSING CALL,QQQ260102C628
267,False,01/02/2026,MU,MU-2025-34,LONG PUT,1.0,01/02/2026,265.0,PUT,1.0,,-1.02,BOUGHT CLOSING PUT,MU260102P265
268,False,01/02/2026,AMZN,AMZN-2025-3,LONG PUT,2.0,01/02/2026,225.0,PUT,3.0,,-6.07,BOUGHT CLOSING PUT,AMZN260102P225
255,True,01/05/2026,GILD,GILD-2025-3,CALL-EXP,,01/02/2026,125.0,CALL,1.0,,0.0,EXPIRED CALL,GILD260102C125
256,False,01/05/2026,,,,11770.0,,,,50.0,,-5885.0,BOUGHT,GILD
253,False,01/07/2026,,,,40800.0,,,,10.0,,-4080.0,BOUGHT,GLD
254,False,01/07/2026,,,,459.99999999999994,,,,-1500.0,,6900.0,SOLD,IGR
252,False,01/08/2026,,,,32500.0,,,,10.0,,-3250.0,BOUGHT,MU
246,True,01/09/2026,MU,MU-2026-35,PUT-START,560.0,01/16/2026,332.5,PUT,-1.0,0.67,559.33,SOLD OPENING PUT,MU260116P332.5
247,True,01/09/2026,QQQ,QQQ-2025-11,CALL-START,594.0,01/16/2026,626.0,CALL,-2.0,1.35,1186.65,SOLD OPENING CALL,QQQ260116C626
248,False,01/09/2026,QQQ,QQQ-2025-11,LONG CALL,244.0,01/09/2026,625.0,CALL,2.0,1.35,-489.35,BOUGHT CLOSING CALL,QQQ260109C625
249,False,01/09/2026,IWM,IWM-2026-6,LONG PUT,1.0,01/09/2026,247.0,PUT,3.0,,-3.07,BOUGHT CLOSING PUT,IWM260109P247
250,False,01/09/2026,AMZN,AMZN-2026-4,LONG PUT,1.0,01/09/2026,225.0,PUT,3.0,,-3.07,BOUGHT CLOSING PUT,AMZN260109P225
251,True,01/09/2026,IWM,IWM-2026-7,PUT-START,95.0,01/16/2026,256.0,PUT,-3.0,2.02,282.98,SOLD OPENING PUT,IWM260116P256
238,True,01/12/2026,GLD,GLD-2025-1,CALL-END,,01/09/2026,403.0,CALL,2.0,,0.0,ASSIGNED CALL,GLD260109C403
239,True,01/12/2026,IWM,IWM-2025-4,CALL-END,,01/09/2026,253.0,CALL,1.0,,0.0,ASSIGNED CALL,IWM260109C253
240,True,01/12/2026,MU,MU-2026-36,PUT-START,241.0,01/16/2026,322.5,PUT,-1.0,0.67,240.33,SOLD OPENING PUT,MU260116P322.5
241,True,01/12/2026,WFC,WFC-2026-10,PUT-START,224.00000000000003,01/23/2026,94.0,PUT,-3.0,2.02,669.98,SOLD OPENING PUT,WFC260123P94
242,False,01/12/2026,,,,40300.0,,,,-25.0,,10075.0,SOLD,GLD
243,False,01/12/2026,,,,40300.0,,,,-175.0,,70525.0,SOLD,GLD
244,True,01/12/2026,GILD,GILD-2026-5,PUT-START,170.0,01/16/2026,120.0,PUT,-1.0,0.67,169.33,SOLD OPENING PUT,GILD260116P120
245,False,01/12/2026,,,,25300.0,,,,-100.0,,25300.0,SOLD,IWM
236,True,01/14/2026,NVDA,NVDA-2026-8,PUT-START,73.0,01/23/2026,170.0,PUT,-2.0,1.35,144.65,SOLD OPENING PUT,NVDA260123P170
237,True,01/14/2026,NVDA,NVDA-2025-7,CALL-START,16.0,01/16/2026,192.0,CALL,-1.0,0.67,15.33,SOLD OPENING CALL,NVDA260116C192
230,False,01/16/2026,MU,MU-2026-36,LONG PUT,1.0,01/16/2026,322.5,PUT,1.0,,-1.02,BOUGHT CLOSING PUT,MU260116P322.5
231,False,01/16/2026,QQQ,QQQ-2025-11,LONG CALL,1.0,01/16/2026,626.0,CALL,2.0,,-2.05,BOUGHT CLOSING CALL,QQQ260116C626
232,True,01/16/2026,MU,MU-2026-37,PUT-START,324.0,01/23/2026,335.0,PUT,-1.0,0.67,323.33,SOLD OPENING PUT,MU260123P335
233,True,01/16/2026,QQQ,QQQ-2025-11,CALL-START,118.0,01/23/2026,630.0,CALL,-2.0,1.35,234.65,SOLD OPENING CALL,QQQ260123C630
234,True,01/16/2026,AMZN,AMZN-2026-5,PUT-START,70.0,01/23/2026,230.0,PUT,-1.0,0.67,69.33,SOLD OPENING PUT,AMZN260123P230
235,False,01/16/2026,IWM,IWM-2026-7,LONG PUT,1.0,01/16/2026,256.0,PUT,3.0,,-3.07,BOUGHT CLOSING PUT,IWM260116P256
220,True,01/20/2026,MU,MU-2026-35,PUT-EXP,,01/16/2026,332.5,PUT,1.0,,0.0,EXPIRED PUT,MU260116P332.5
221,True,01/20/2026,GILD,GILD-2026-4,PUT-EXP,,01/16/2026,124.0,PUT,1.0,,0.0,EXPIRED PUT,GILD260116P124
222,True,01/20/2026,NVDA,NVDA-2025-7,CALL-EXP,,01/16/2026,192.0,CALL,1.0,,0.0,EXPIRED CALL,NVDA260116C192
223,True,01/20/2026,GILD,GILD-2026-5,PUT-EXP,,01/16/2026,120.0,PUT,1.0,,0.0,EXPIRED PUT,GILD260116P120
224,False,01/20/2026,,,,8700.0,,,,50.0,,-4350.0,BOUGHT,WFC
225,True,01/20/2026,QQQ,QQQ-2026-14,PUT-START,417.0,01/22/2026,610.0,PUT,-1.0,0.67,416.33,SOLD OPENING PUT,QQQ260122P610
226,True,01/20/2026,IVV,IVV-2026-4,CALL-START,216.0,01/30/2026,700.0,CALL,-1.0,0.67,215.33,SOLD OPENING CALL,IVV260130C700
227,True,01/20/2026,NVDA,NVDA-2025-7,CALL-START,35.0,01/23/2026,190.0,CALL,-1.0,0.67,34.33,SOLD OPENING CALL,NVDA260123C190
228,False,01/20/2026,,,,68500.0,,,,50.0,,-34250.0,BOUGHT,IVV
229,False,01/20/2026,,,,68500.0,,,,50.0,,-34250.0,BOUGHT,IVV
218,True,01/21/2026,WFC,WFC-2026-10,PUT-END,,01/23/2026,94.0,PUT,1.0,,0.0,ASSIGNED PUT,WFC260123P94
219,False,01/21/2026,,,,9400.0,,,,100.0,,-9400.0,BOUGHT,WFC
216,True,01/22/2026,MU,MU-2026-38,PUT-START,1035.0,01/30/2026,375.0,PUT,-1.0,0.67,1034.33,SOLD OPENING PUT,MU260130P375
217,False,01/22/2026,MU,MU-2026-37,LONG PUT,10.0,01/23/2026,335.0,PUT,1.0,,-10.02,BOUGHT CLOSING PUT,MU260123P335
210,True,01/23/2026,QQQ,QQQ-2026-14,PUT-EXP,,01/22/2026,610.0,PUT,1.0,,0.0,EXPIRED PUT,QQQ260122P610
211,True,01/23/2026,QQQ,QQQ-2025-11,CALL-START,143.0,01/28/2026,630.0,CALL,-2.0,1.35,284.65,SOLD OPENING CALL,QQQ260128C630
212,True,01/23/2026,MU,MU-2026-39,PUT-START,717.0,01/30/2026,380.0,PUT,-1.0,0.67,716.33,SOLD OPENING PUT,MU260130P380
213,True,01/23/2026,MU,MU-2026-39,PUT-START,725.0,01/30/2026,380.0,PUT,-1.0,0.67,724.33,SOLD OPENING PUT,MU260130P380
214,False,01/23/2026,QQQ,QQQ-2025-11,LONG CALL,1.0,01/23/2026,630.0,CALL,2.0,,-2.05,BOUGHT CLOSING CALL,QQQ260123C630
215,False,01/23/2026,NVDA,NVDA-2026-8,LONG PUT,1.0,01/23/2026,170.0,PUT,2.0,,-2.05,BOUGHT CLOSING PUT,NVDA260123P170
204,True,01/26/2026,WFC,WFC-2026-10,PUT-END,,01/23/2026,94.0,PUT,2.0,,0.0,ASSIGNED PUT,WFC260123P94
205,True,01/26/2026,NVDA,NVDA-2025-7,CALL-EXP,,01/23/2026,190.0,CALL,1.0,,0.0,EXPIRED CALL,NVDA260123C190
206,True,01/26/2026,AMZN,AMZN-2026-5,PUT-EXP,,01/23/2026,230.0,PUT,1.0,,0.0,EXPIRED PUT,AMZN260123P230
207,False,01/26/2026,,,,9400.0,,,,200.0,,-18800.0,BOUGHT,WFC
208,True,01/26/2026,GLD,GLD-2026-7,PUT-START,77.0,01/30/2026,440.0,PUT,-1.0,0.67,76.33,SOLD OPENING PUT,GLD260130P440
209,True,01/26/2026,NVDA,NVDA-2025-7,CALL-START,75.0,01/30/2026,195.0,CALL,-1.0,0.67,74.33,SOLD OPENING CALL,NVDA260130C195
201,False,01/28/2026,QQQ,QQQ-2025-11,LONG CALL,379.0,01/28/2026,630.0,CALL,2.0,1.35,-759.35,BOUGHT CLOSING CALL,QQQ260128C630
202,True,01/28/2026,QQQ,QQQ-2025-11,CALL-START,463.99999999999994,01/30/2026,633.0,CALL,-2.0,1.35,926.65,SOLD OPENING CALL,QQQ260130C633
203,False,01/28/2026,WFC,WFC-2025-4,LONG PUT,165.0,03/20/2026,82.5,PUT,-3.0,2.02,492.98,SOLD CLOSING PUT,WFC260320P82.5
199,True,01/29/2026,GILD,GILD-2026-6,CALL-START,148.0,02/06/2026,142.0,CALL,-1.0,0.67,147.33,SOLD OPENING CALL,GILD260206C142
200,False,01/29/2026,,,,43000.0,,,,12.0,,-5160.0,BOUGHT,MU
181,True,01/30/2026,MU,MU-2026-40,PUT-START,1380.0,02/06/2026,430.0,PUT,-2.0,1.35,2758.65,SOLD OPENING PUT,MU260206P430
182,True,01/30/2026,GLD,GLD-2026-8,PUT-START,998.0,02/06/2026,440.0,PUT,-1.0,0.67,997.33,SOLD OPENING PUT,GLD260206P440
183,True,01/30/2026,IVV,IVV-2026-5,CALL-START,289.0,02/06/2026,700.0,CALL,-1.0,0.67,288.33,SOLD OPENING CALL,IVV260206C700
184,True,01/30/2026,QQQ,QQQ-2025-11,CALL-START,218.00000000000003,02/06/2026,634.0,CALL,-1.0,0.67,217.33,SOLD OPENING CALL,QQQ260206C634
185,True,01/30/2026,QQQ,QQQ-2025-11,CALL-START,218.00000000000003,02/06/2026,634.0,CALL,-1.0,0.67,217.33,SOLD OPENING CALL,QQQ260206C634
186,True,01/30/2026,NVDA,NVDA-2025-7,CALL-START,109.00000000000001,02/06/2026,200.0,CALL,-1.0,0.67,108.33,SOLD OPENING CALL,NVDA260206C200
187,True,01/30/2026,AXL,AXL-2026-1,PUT-START,52.0,02/20/2026,8.0,PUT,-1.0,0.67,51.33,SOLD OPENING PUT,AXL260220P8
188,True,01/30/2026,AXL,AXL-2026-1,PUT-START,52.0,02/20/2026,8.0,PUT,-1.0,0.67,51.33,SOLD OPENING PUT,AXL260220P8
189,True,01/30/2026,AXL,AXL-2026-1,PUT-START,55.00000000000001,02/20/2026,8.0,PUT,-8.0,5.390000000000001,434.61,SOLD OPENING PUT,AXL260220P8
190,False,01/30/2026,MU,MU-2026-38,LONG PUT,3.0,01/30/2026,375.0,PUT,1.0,,-3.02,BOUGHT CLOSING PUT,MU260130P375
191,False,01/30/2026,MU,MU-2026-39,LONG PUT,3.0,01/30/2026,380.0,PUT,2.0,,-6.05,BOUGHT CLOSING PUT,MU260130P380
192,False,01/30/2026,GLD,GLD-2026-7,LONG PUT,98.0,01/30/2026,440.0,PUT,1.0,0.67,-98.67,BOUGHT CLOSING PUT,GLD260130P440
193,False,01/30/2026,NVDA,NVDA-2025-7,LONG CALL,3.0,01/30/2026,195.0,CALL,1.0,,-3.02,BOUGHT CLOSING CALL,NVDA260130C195
194,False,01/30/2026,QQQ,QQQ-2025-11,LONG CALL,2.0,01/30/2026,633.0,CALL,2.0,,-4.05,BOUGHT CLOSING CALL,QQQ260130C633
195,False,01/30/2026,,,,46000.0,,,,10.0,,-4600.0,BOUGHT,GLD
196,False,01/30/2026,,,,43000.0,,,,28.0,,-12040.0,BOUGHT,MU
197,False,01/30/2026,,,,41000.0,,,,10.0,,-4100.0,BOUGHT,MU
198,False,01/30/2026,,,,791.0,,,,1000.0,,-7909.0,BOUGHT,DCH
180,True,02/02/2026,IVV,IVV-2026-4,CALL-EXP,,01/30/2026,700.0,CALL,1.0,,0.0,EXPIRED CALL,IVV260130C700
178,True,02/03/2026,WFC,WFC-2025-5,CALL-START,37.0,02/13/2026,98.0,CALL,-3.0,2.02,108.98,SOLD OPENING CALL,WFC260213C98
179,False,02/03/2026,NVDA,NVDA-2025-7,LONG CALL,8.0,02/06/2026,200.0,CALL,1.0,,-8.02,BOUGHT CLOSING CALL,NVDA260206C200
172,False,02/04/2026,MU,MU-2026-40,LONG PUT,5053.0,02/06/2026,430.0,PUT,2.0,1.35,-10107.35,BOUGHT CLOSING PUT,MU260206P430
173,True,02/04/2026,MU,MU-2026-41,PUT-START,5047.0,02/13/2026,425.0,PUT,-2.0,1.35,10092.65,SOLD OPENING PUT,MU260213P425
174,False,02/04/2026,TQQQ,TQQQ-2026-4,LONG CALL,132.0,02/06/2026,51.0,CALL,3.0,2.02,-398.02,BOUGHT OPENING CALL,TQQQ260206C51
175,False,02/04/2026,QQQ,QQQ-2025-11,LONG CALL,14.000000000000002,02/06/2026,634.0,CALL,2.0,,-28.05,BOUGHT CLOSING CALL,QQQ260206C634
176,True,02/04/2026,QQQ,QQQ-2025-11,CALL-START,65.0,02/06/2026,628.0,CALL,-2.0,1.35,128.65,SOLD OPENING CALL,QQQ260206C628
177,False,02/04/2026,,,,61200.0,,,,10.0,,-6120.0,BOUGHT,QQQ
170,False,02/05/2026,WFC,WFC-2025-5,LONG CALL,15.0,02/13/2026,98.0,CALL,3.0,,-45.07,BOUGHT CLOSING CALL,WFC260213C98
171,False,02/05/2026,QQQ,QQQ-2025-11,LONG CALL,1.0,02/06/2026,628.0,CALL,2.0,,-2.05,BOUGHT CLOSING CALL,QQQ260206C628
161,True,02/09/2026,GILD,GILD-2026-6,CALL-END,,02/06/2026,142.0,CALL,1.0,,0.0,ASSIGNED CALL,GILD260206C142
162,True,02/09/2026,GLD,GLD-2026-8,PUT-EXP,,02/06/2026,440.0,PUT,1.0,,0.0,EXPIRED PUT,GLD260206P440
163,True,02/09/2026,IVV,IVV-2026-5,CALL-EXP,,02/06/2026,700.0,CALL,1.0,,0.0,EXPIRED CALL,IVV260206C700
164,True,02/09/2026,TQQQ,TQQQ-2026-4,CALL-EXP,,02/06/2026,51.0,CALL,-3.0,,0.0,EXPIRED CALL,TQQQ260206C51
165,True,02/09/2026,QQQ,QQQ-2025-11,CALL-START,81.0,02/13/2026,626.0,CALL,-2.0,1.35,160.65,SOLD OPENING CALL,QQQ260213C626
166,True,02/09/2026,NVDA,NVDA-2025-7,CALL-START,120.0,02/13/2026,200.0,CALL,-1.0,0.67,119.33,SOLD OPENING CALL,NVDA260213C200
167,False,02/09/2026,,,,37900.0,,,,10.0,,-3790.0,BOUGHT,MU
168,False,02/09/2026,,,,60900.0,,,,30.0,,-18270.0,BOUGHT,QQQ
169,False,02/09/2026,,,,14200.0,,,,-100.0,,14200.0,SOLD,GILD
159,False,02/10/2026,MU,MU-2025-28,LONG CALL,910.0,02/20/2026,397.5,CALL,1.0,0.67,-910.67,BOUGHT OPENING CALL,MU260220C397.5
160,False,02/10/2026,,,,46500.0,,,,25.0,,-11625.0,BOUGHT,GLD
158,False,02/12/2026,QQQ,QQQ-2025-11,LONG CALL,1.0,02/13/2026,626.0,CALL,1.0,,-1.02,BOUGHT CLOSING CALL,QQQ260213C626
154,False,02/13/2026,QQQ,QQQ-2025-11,LONG CALL,1.0,02/13/2026,626.0,CALL,1.0,,-1.02,BOUGHT CLOSING CALL,QQQ260213C626
155,False,02/13/2026,NVDA,NVDA-2025-7,LONG CALL,1.0,02/13/2026,200.0,CALL,1.0,,-1.02,BOUGHT CLOSING CALL,NVDA260213C200
156,True,02/13/2026,QQQ,QQQ-2025-11,CALL-START,103.0,02/20/2026,620.0,CALL,-2.0,1.35,204.65,SOLD OPENING CALL,QQQ260220C620
157,False,02/13/2026,,,,3800.0,,,,100.0,,-3800.0,BOUGHT,IBIT
150,True,02/17/2026,MU,MU-2026-41,PUT-END,,02/13/2026,425.0,PUT,2.0,,0.0,ASSIGNED PUT,MU260213P425
151,False,02/17/2026,,,,42500.0,,,,200.0,,-85000.0,BOUGHT,MU
152,False,02/17/2026,,,,68500.0,,,,-0.788,,539.78,SOLD,IVV
153,False,02/17/2026,,,,68500.0,,,,-116.0,,79460.0,SOLD,IVV
149,False,02/18/2026,MU,MU-2025-28,LONG CALL,3000.0,02/20/2026,397.5,CALL,-1.0,0.67,2999.33,SOLD CLOSING CALL,MU260220C397.5
145,True,02/20/2026,MU,MU-2025-30,CALL-START,455.0,02/27/2026,460.0,CALL,-2.0,1.35,908.65,SOLD OPENING CALL,MU260227C460
146,True,02/20/2026,NVDA,NVDA-2025-7,CALL-START,204.99999999999997,02/27/2026,200.0,CALL,-1.0,0.67,204.33,SOLD OPENING CALL,NVDA260227C200
147,True,02/20/2026,QQQ,QQQ-2025-11,CALL-START,115.99999999999999,02/27/2026,623.0,CALL,-2.0,1.35,230.65,SOLD OPENING CALL,QQQ260227C623
148,False,02/20/2026,QQQ,QQQ-2025-11,LONG CALL,1.0,02/20/2026,620.0,CALL,2.0,,-2.05,BOUGHT CLOSING CALL,QQQ260220C620
143,True,02/23/2026,DCH,DCH-2026-1,PUT-END,,02/20/2026,8.0,PUT,10.0,,0.0,ASSIGNED PUT,DCH260220P8
144,False,02/23/2026,,,,800.0,,,,1000.0,,-8000.0,BOUGHT,DCH
141,True,02/24/2026,WFC,WFC-2026-11,PUT-START,39.0,02/27/2026,82.0,PUT,-2.0,1.35,76.65,SOLD OPENING PUT,WFC260227P82
142,False,02/24/2026,,,,29930.0,,,,-85.0,,25440.5,SOLD,KEYS
140,True,02/25/2026,IVV,IVV-2026-6,CALL-START,318.0,03/06/2026,702.0,CALL,-1.0,0.67,317.33,SOLD OPENING CALL,IVV260306C702
135,True,02/26/2026,NBR,NBR-2026-1,PUT-START,215.0,03/20/2026,70.0,PUT,-1.0,0.67,214.33,SOLD OPENING PUT,NBR260320P70
136,True,02/26/2026,NBR,NBR-2026-2,PUT-START,375.0,03/20/2026,75.0,PUT,-3.0,2.02,1122.98,SOLD OPENING PUT,NBR260320P75
137,True,02/26/2026,KEYS,KEYS-2026-2,PUT-START,370.0,03/20/2026,280.0,PUT,-1.0,0.67,369.33,SOLD OPENING PUT,KEYS260320P280
138,False,02/26/2026,,,,3600.0,,,,200.0,,-7200.0,BOUGHT,LNC
139,False,02/26/2026,,,,6000.0,,,,175.0,,-10500.0,BOUGHT,BHF
131,True,02/27/2026,QQQ,QQQ-2025-11,CALL-START,175.0,03/12/2026,625.0,CALL,-2.0,1.35,348.65,SOLD OPENING CALL,QQQ260312C625
132,False,02/27/2026,MU,MU-2025-30,LONG CALL,1.0,02/27/2026,460.0,CALL,2.0,,-2.05,BOUGHT CLOSING CALL,MU260227C460
133,False,02/27/2026,NVDA,NVDA-2025-7,LONG CALL,1.0,02/27/2026,200.0,CALL,1.0,,-1.02,BOUGHT CLOSING CALL,NVDA260227C200
134,False,02/27/2026,QQQ,QQQ-2025-11,LONG CALL,1.0,02/27/2026,623.0,CALL,2.0,,-2.05,BOUGHT CLOSING CALL,QQQ260227C623
128,True,03/02/2026,WFC,WFC-2026-11,PUT-END,,02/27/2026,82.0,PUT,2.0,,0.0,ASSIGNED PUT,WFC260227P82
129,False,03/02/2026,,,,8200.0,,,,200.0,,-16400.0,BOUGHT,WFC
130,True,03/02/2026,WFC,WFC-2025-5,CALL-START,71.0,03/13/2026,84.0,CALL,-2.0,1.35,140.65,SOLD OPENING CALL,WFC260313C84
126,True,03/03/2026,MU,MU-2025-30,CALL-START,176.0,03/06/2026,430.0,CALL,-2.0,1.35,350.65,SOLD OPENING CALL,MU260306C430
127,False,03/03/2026,,,,59700.0,,,,50.0,,-29850.0,BOUGHT,QQQ
125,False,03/04/2026,,,,60900.0,,,,-50.0,,30450.0,SOLD,QQQ
123,True,03/06/2026,MU,MU-2025-30,CALL-START,236.0,03/13/2026,430.0,CALL,-2.0,1.35,470.65,SOLD OPENING CALL,MU260313C430
124,False,03/06/2026,MU,MU-2025-30,LONG CALL,1.0,03/06/2026,430.0,CALL,2.0,,-2.05,BOUGHT CLOSING CALL,MU260306C430
122,True,03/09/2026,IVV,IVV-2026-6,CALL-EXP,,03/06/2026,702.0,CALL,1.0,,0.0,EXPIRED CALL,IVV260306C702
121,False,03/11/2026,WFC,WFC-2025-5,LONG CALL,1.0,03/13/2026,84.0,CALL,2.0,,-2.05,BOUGHT CLOSING CALL,WFC260313C84
118,True,03/13/2026,QQQ,QQQ-2025-11,CALL-EXP,,03/12/2026,625.0,CALL,2.0,,0.0,EXPIRED CALL,QQQ260312C625
119,False,03/13/2026,MU,MU-2025-30,LONG CALL,6.0,03/13/2026,430.0,CALL,2.0,,-12.05,BOUGHT CLOSING CALL,MU260313C430
120,True,03/13/2026,MU,MU-2025-30,CALL-START,992.0,03/20/2026,460.0,CALL,-2.0,1.35,1982.65,SOLD OPENING CALL,MU260320C460
116,False,03/20/2026,MU,MU-2025-30,LONG CALL,1.0,03/20/2026,460.0,CALL,2.0,,-2.05,BOUGHT CLOSING CALL,MU260320C460
117,False,03/20/2026,,,,65000.0,,,,25.0,,-16250.0,BOUGHT,IVV
112,True,03/23/2026,NBR,NBR-2026-1,PUT-EXP,,03/20/2026,70.0,PUT,1.0,,0.0,EXPIRED PUT,NBR260320P70
113,True,03/23/2026,NBR,NBR-2026-2,PUT-EXP,,03/20/2026,75.0,PUT,3.0,,0.0,EXPIRED PUT,NBR260320P75
114,True,03/23/2026,KEYS,KEYS-2026-2,PUT-END,,03/20/2026,280.0,PUT,1.0,,0.0,ASSIGNED PUT,KEYS260320P280
115,False,03/23/2026,,,,28000.0,,,,100.0,,-28000.0,BOUGHT,KEYS
111,False,03/25/2026,,,,578.0,,,,2000.0,,-11560.0,BOUGHT,DCH
110,False,03/26/2026,,,,57500.0,,,,20.0,,-11500.0,BOUGHT,QQQ
109,True,03/31/2026,MU,MU-2026-42,PUT-START,755.0,04/02/2026,320.0,PUT,-1.0,0.67,754.33,SOLD OPENING PUT,MU260402P320
106,True,04/06/2026,MU,MU-2026-42,PUT-EXP,,04/02/2026,320.0,PUT,1.0,,0.0,EXPIRED PUT,MU260402P320
107,True,04/06/2026,MU,MU-2025-30,CALL-START,109.00000000000001,04/10/2026,430.0,CALL,-2.0,1.35,216.65,SOLD OPENING CALL,MU260410C430
108,True,04/06/2026,IWM,IWM-2026-8,PUT-START,350.0,04/10/2026,252.0,PUT,-1.0,0.67,349.33,SOLD OPENING PUT,IWM260410P252
105,True,04/08/2026,KEYS,KEYS-2026-2,CALL-START,300.0,04/17/2026,330.0,CALL,-1.0,0.67,299.33,SOLD OPENING CALL,KEYS260417C330
103,False,04/10/2026,MU,MU-2025-30,LONG CALL,10.0,04/10/2026,430.0,CALL,2.0,,-20.05,BOUGHT CLOSING CALL,MU260410C430
104,True,04/10/2026,MU,MU-2025-30,CALL-START,869.9999999999999,04/17/2026,440.0,CALL,-1.0,0.6900000000000001,869.31,SOLD OPENING CALL,MU260417C440
97,True,04/13/2026,IWM,IWM-2026-8,PUT-EXP,,04/10/2026,252.0,PUT,1.0,,0.0,EXPIRED PUT,IWM260410P252
98,True,04/13/2026,MU,MU-2025-30,CALL-START,1000.0,04/17/2026,425.0,CALL,-1.0,0.7000000000000001,999.3,SOLD OPENING CALL,MU260417C425
99,False,04/13/2026,QQQ,QQQ-2026-14,LONG PUT,258.0,04/17/2026,600.0,PUT,3.0,2.02,-776.02,BOUGHT OPENING PUT,QQQ260417P600
100,False,04/13/2026,,,,42100.0,,,,-40.0,,16839.65,SOLD,MU
101,False,04/13/2026,,,,61500.0,,,,-60.0,,36899.23,SOLD,QQQ
102,False,04/13/2026,,,,60900.0,,,,-100.0,,60898.74,SOLD,QQQ
92,True,04/15/2026,NVDA,NVDA-2025-7,CALL-START,123.0,04/17/2026,200.0,CALL,-1.0,0.67,122.33,SOLD OPENING CALL,NVDA260417C200
93,False,04/15/2026,,,,41340.0,,,,-0.152,,62.84,SOLD,MSFT
94,False,04/15/2026,,,,70280.0,,,,-0.212,,148.99,SOLD,IVV
95,False,04/15/2026,,,,70300.0,,,,-28.0,,19683.59,SOLD,IVV
96,False,04/15/2026,,,,10247.0,,,,-0.476,,48.78,SOLD,CROX
88,True,04/17/2026,QQQ,QQQ-2026-15,PUT-START,70.0,04/21/2026,630.0,PUT,-1.0,0.67,69.33,SOLD OPENING PUT,QQQ260421P630
89,True,04/17/2026,MU,MU-2026-43,PUT-START,155.0,04/17/2026,455.0,PUT,-1.0,0.67,154.33,SOLD OPENING PUT,MU260417P455
90,True,04/17/2026,KEYS,KEYS-2026-2,CALL-START,1350.0,05/15/2026,340.0,CALL,-1.0,0.7000000000000001,1349.3,SOLD OPENING CALL,KEYS260515C340
91,False,04/17/2026,KEYS,KEYS-2026-2,LONG CALL,680.0,04/17/2026,330.0,CALL,1.0,0.67,-680.67,BOUGHT CLOSING CALL,KEYS260417C330
76,True,04/20/2026,MU,MU-2026-43,PUT-EXP,,04/17/2026,455.0,PUT,1.0,,0.0,EXPIRED PUT,MU260417P455
77,True,04/20/2026,MU,MU-2025-30,CALL-END,,04/17/2026,425.0,CALL,1.0,,0.0,ASSIGNED CALL,MU260417C425
78,True,04/20/2026,MU,MU-2025-30,CALL-END,,04/17/2026,440.0,CALL,1.0,,0.0,ASSIGNED CALL,MU260417C440
79,True,04/20/2026,QQQ,QQQ-2026-14,PUT-EXP,,04/17/2026,600.0,PUT,-3.0,,0.0,EXPIRED PUT,QQQ260417P600
80,True,04/20/2026,NVDA,NVDA-2025-7,CALL-END,,04/17/2026,200.0,CALL,1.0,,0.0,ASSIGNED CALL,NVDA260417C200
81,True,04/20/2026,MU,MU-2026-44,PUT-START,1200.0,04/24/2026,440.0,PUT,-1.0,0.7000000000000001,1199.3,SOLD OPENING PUT,MU260424P440
82,True,04/20/2026,MU,MU-2026-45,PUT-START,450.0,04/24/2026,420.0,PUT,-1.0,0.67,449.33,SOLD OPENING PUT,MU260424P420
83,False,04/20/2026,,,,20000.0,,,,-10.0,,1999.95,SOLD,NVDA
84,False,04/20/2026,,,,20000.0,,,,-90.0,,17999.62,SOLD,NVDA
85,False,04/20/2026,,,,44000.0,,,,-22.0,,9679.8,SOLD,MU
86,False,04/20/2026,,,,44000.0,,,,-78.0,,34319.29,SOLD,MU
87,False,04/20/2026,,,,42500.0,,,,-100.0,,42499.12,SOLD,MU
73,True,04/22/2026,QQQ,QQQ-2026-15,PUT-EXP,,04/21/2026,630.0,PUT,1.0,,0.0,EXPIRED PUT,QQQ260421P630
74,True,04/22/2026,QQQ,QQQ-2026-16,PUT-START,161.0,04/24/2026,640.0,PUT,-1.0,0.67,160.33,SOLD OPENING PUT,QQQ260424P640
75,True,04/22/2026,MU,MU-2026-46,PUT-START,315.0,04/24/2026,455.0,PUT,-1.0,0.67,314.33,SOLD OPENING PUT,MU260424P455
66,True,04/24/2026,MU,MU-2026-47,PUT-START,930.0000000000001,05/01/2026,460.0,PUT,-1.0,0.6900000000000001,929.31,SOLD OPENING PUT,MU260501P460
67,True,04/24/2026,MU,MU-2026-48,PUT-START,1165.0,05/01/2026,470.0,PUT,-1.0,0.7000000000000001,1164.3,SOLD OPENING PUT,MU260501P470
68,False,04/24/2026,QQQ,QQQ-2026-16,LONG PUT,1.0,04/24/2026,640.0,PUT,1.0,,-1.02,BOUGHT CLOSING PUT,QQQ260424P640
69,False,04/24/2026,MU,MU-2026-44,LONG PUT,1.0,04/24/2026,440.0,PUT,1.0,,-1.02,BOUGHT CLOSING PUT,MU260424P440
70,False,04/24/2026,MU,MU-2026-45,LONG PUT,1.0,04/24/2026,420.0,PUT,1.0,,-1.02,BOUGHT CLOSING PUT,MU260424P420
71,False,04/24/2026,,,,66000.0,,,,-10.0,,6599.86,SOLD,QQQ
72,False,04/24/2026,,,,12985.0,,,,100.0,,-12985.0,BOUGHT,GILD
64,True,04/27/2026,MU,MU-2026-46,PUT-EXP,,04/24/2026,455.0,PUT,1.0,,0.0,EXPIRED PUT,MU260424P455
65,True,04/27/2026,GILD,GILD-2026-7,PUT-START,150.0,05/01/2026,128.0,PUT,-1.0,0.67,149.33,SOLD OPENING PUT,GILD260501P128
62,True,04/28/2026,IWM,IWM-2026-9,PUT-START,267.0,05/01/2026,275.0,PUT,-1.0,0.67,266.33,SOLD OPENING PUT,IWM260501P275
63,True,04/28/2026,MU,MU-2026-49,PUT-START,1185.0,05/01/2026,480.0,PUT,-1.0,0.7000000000000001,1184.3,SOLD OPENING PUT,MU260501P480
56,True,05/01/2026,MU,MU-2026-50,PUT-START,495.0,05/08/2026,480.0,PUT,-1.0,0.6900000000000001,494.31,SOLD OPENING PUT,MU260508P480
57,True,05/01/2026,IWM,IWM-2026-10,PUT-START,135.0,05/08/2026,275.0,PUT,-1.0,0.67,134.33,SOLD OPENING PUT,IWM260508P275
58,False,05/01/2026,IWM,IWM-2026-9,LONG PUT,3.0,05/01/2026,275.0,PUT,1.0,,-3.02,BOUGHT CLOSING PUT,IWM260501P275
59,False,05/01/2026,MU,MU-2026-49,LONG PUT,1.0,05/01/2026,480.0,PUT,1.0,,-1.02,BOUGHT CLOSING PUT,MU260501P480
60,False,05/01/2026,MU,MU-2026-47,LONG PUT,6.0,05/01/2026,460.0,PUT,1.0,,-6.02,BOUGHT CLOSING PUT,MU260501P460
61,False,05/01/2026,MU,MU-2026-48,LONG PUT,1.0,05/01/2026,470.0,PUT,1.0,,-1.02,BOUGHT CLOSING PUT,MU260501P470
54,True,05/04/2026,GILD,GILD-2026-7,PUT-EXP,,05/01/2026,128.0,PUT,1.0,,0.0,EXPIRED PUT,GILD260501P128
55,True,05/04/2026,QQQ,QQQ-2026-17,PUT-START,290.0,05/06/2026,670.0,PUT,-1.0,0.67,289.33,SOLD OPENING PUT,QQQ260506P670
52,True,05/05/2026,KEYS,KEYS-2026-3,PUT-START,778.0,05/15/2026,350.0,PUT,-1.0,0.6900000000000001,777.31,SOLD OPENING PUT,KEYS260515P350
53,True,05/05/2026,TGT,TGT-2026-3,PUT-START,160.0,05/15/2026,125.0,PUT,-1.0,0.67,159.33,SOLD OPENING PUT,TGT260515P125
50,True,05/06/2026,KEYS,KEYS-2026-4,PUT-START,2240.0,06/18/2026,350.0,PUT,-1.0,0.72,2239.28,SOLD OPENING PUT,KEYS260618P350
51,False,05/06/2026,,,,4600.0,,,,200.0,,-9200.0,BOUGHT,IBIT
45,True,05/07/2026,QQQ,QQQ-2026-17,PUT-EXP,,05/06/2026,670.0,PUT,1.0,,0.0,EXPIRED PUT,QQQ260506P670
46,True,05/07/2026,IWM,IWM-2026-11,PUT-START,160.0,05/14/2026,280.0,PUT,-1.0,0.67,159.33,SOLD OPENING PUT,IWM260514P280
47,False,05/07/2026,MU,MU-2026-50,LONG PUT,13.0,05/08/2026,480.0,PUT,1.0,,-13.02,BOUGHT CLOSING PUT,MU260508P480
48,True,05/07/2026,QQQ,QQQ-2026-18,PUT-START,509.99999999999994,05/15/2026,690.0,PUT,-1.0,0.6900000000000001,509.31,SOLD OPENING PUT,QQQ260515P690
49,True,05/07/2026,TGT,TGT-2026-3,PUT-START,190.0,05/15/2026,125.0,PUT,-1.0,0.67,189.33,SOLD OPENING PUT,TGT260515P125
43,True,05/08/2026,IWM,IWM-2026-12,PUT-START,65.0,05/13/2026,277.0,PUT,-1.0,0.67,64.33,SOLD OPENING PUT,IWM260513P277
44,False,05/08/2026,IWM,IWM-2026-10,LONG PUT,1.0,05/08/2026,275.0,PUT,1.0,,-1.02,BOUGHT CLOSING PUT,IWM260508P275
38,False,05/12/2026,,,,12100.0,,,,50.0,,-6050.0,BOUGHT,TGT
39,True,05/12/2026,TGT,TGT-2026-4,PUT-START,797.0,05/22/2026,125.0,PUT,-1.0,0.6900000000000001,796.31,SOLD OPENING PUT,TGT260522P125
40,True,05/12/2026,TGT,TGT-2026-4,PUT-START,798.0,05/22/2026,125.0,PUT,-1.0,0.6900000000000001,797.31,SOLD OPENING PUT,TGT260522P125
41,False,05/12/2026,TGT,TGT-2026-3,LONG PUT,567.0,05/15/2026,125.0,PUT,1.0,0.67,-567.67,BOUGHT CLOSING PUT,TGT260515P125
42,False,05/12/2026,TGT,TGT-2026-3,LONG PUT,568.0,05/15/2026,125.0,PUT,1.0,0.67,-568.67,BOUGHT CLOSING PUT,TGT260515P125
37,True,05/14/2026,IWM,IWM-2026-12,PUT-EXP,,05/13/2026,277.0,PUT,1.0,,0.0,EXPIRED PUT,IWM260513P277
31,True,05/15/2026,IWM,IWM-2026-11,PUT-EXP,,05/14/2026,280.0,PUT,1.0,,0.0,EXPIRED PUT,IWM260514P280
32,True,05/15/2026,IWM,IWM-2026-13,PUT-START,75.0,05/18/2026,275.0,PUT,-2.0,1.35,148.65,SOLD OPENING PUT,IWM260518P275
33,False,05/15/2026,QQQ,QQQ-2026-18,LONG PUT,3.0,05/15/2026,690.0,PUT,1.0,,-3.02,BOUGHT CLOSING PUT,QQQ260515P690
34,False,05/15/2026,,,,73200.0,,,,20.0,,-14640.0,BOUGHT,MU
35,False,05/15/2026,,,,27750.0,,,,100.0,,-27750.0,BOUGHT,IWM
36,False,05/15/2026,,,,70997.0,,,,20.0,,-14199.4,BOUGHT,QQQ
26,True,05/18/2026,KEYS,KEYS-2026-3,PUT-END,,05/15/2026,350.0,PUT,1.0,,0.0,ASSIGNED PUT,KEYS260515P350
27,True,05/18/2026,KEYS,KEYS-2026-2,CALL-END,,05/15/2026,340.0,CALL,1.0,,0.0,ASSIGNED CALL,KEYS260515C340
28,True,05/18/2026,MU,MU-2026-51,PUT-START,819.9999999999999,05/22/2026,600.0,PUT,-1.0,0.6900000000000001,819.31,SOLD OPENING PUT,MU260522P600
29,False,05/18/2026,,,,35000.0,,,,100.0,,-35000.0,BOUGHT,KEYS
30,False,05/18/2026,,,,34000.0,,,,-100.0,,33999.29,SOLD,KEYS
25,True,05/19/2026,IWM,IWM-2026-13,PUT-EXP,,05/18/2026,275.0,PUT,2.0,,0.0,EXPIRED PUT,IWM260518P275
22,True,05/22/2026,MU,MU-2026-52,PUT-START,1330.0,05/29/2026,700.0,PUT,-1.0,0.7000000000000001,1329.3,SOLD OPENING PUT,MU260529P700
23,True,05/22/2026,TGT,TGT-2026-5,PUT-START,171.0,05/29/2026,125.0,PUT,-1.0,0.67,170.33,SOLD OPENING PUT,TGT260529P125
24,False,05/22/2026,MU,MU-2026-51,LONG PUT,10.0,05/22/2026,600.0,PUT,1.0,,-10.02,BOUGHT CLOSING PUT,MU260522P600
19,True,05/26/2026,TGT,TGT-2026-4,PUT-EXP,,05/22/2026,125.0,PUT,2.0,,0.0,EXPIRED PUT,TGT260522P125
20,True,05/26/2026,WFC,WFC-2026-12,PUT-START,145.0,06/05/2026,77.0,PUT,-1.0,0.67,144.33,SOLD OPENING PUT,WFC260605P77
21,True,05/26/2026,TGT,TGT-2026-6,PUT-START,310.0,06/05/2026,125.0,PUT,-1.0,0.67,309.33,SOLD OPENING PUT,TGT260605P125
18,False,05/28/2026,,,,14944.999999999998,,,,70.0,,-10461.5,BOUGHT,XLV
13,True,05/29/2026,TGT,TGT-2026-7,PUT-START,265.0,06/12/2026,125.0,PUT,-1.0,0.67,264.33,SOLD OPENING PUT,TGT260612P125
14,True,05/29/2026,MU,MU-2026-53,PUT-START,2085.0,06/05/2026,880.0,PUT,-1.0,0.72,2084.28,SOLD OPENING PUT,MU260605P880
15,False,05/29/2026,MU,MU-2026-52,LONG PUT,3.0,05/29/2026,700.0,PUT,1.0,,-3.02,BOUGHT CLOSING PUT,MU260529P700
16,True,05/29/2026,KEYS,KEYS-2026-5,PUT-START,980.0000000000001,06/18/2026,330.0,PUT,-1.0,0.7000000000000001,979.3,SOLD OPENING PUT,KEYS260618P330
17,False,05/29/2026,,,,15000.0,,,,30.0,,-4500.0,BOUGHT,XLV
10,True,06/01/2026,TGT,TGT-2026-5,PUT-EXP,,05/29/2026,125.0,PUT,1.0,,0.0,EXPIRED PUT,TGT260529P125
11,True,06/01/2026,JXN,JXN-2026-2,PUT-START,250.0,06/18/2026,100.0,PUT,-1.0,0.67,249.33,SOLD OPENING PUT,JXN260618P100
12,False,06/01/2026,,,,3485.0,,,,50.0,,-1742.5,BOUGHT,LNC
6,True,06/05/2026,MU,MU-2026-54,PUT-START,5197.0,06/12/2026,880.0,PUT,-1.0,0.78,5196.22,SOLD OPENING PUT,MU260612P880
7,True,06/05/2026,TGT,TGT-2026-8,PUT-START,194.0,06/12/2026,122.0,PUT,-1.0,0.67,193.33,SOLD OPENING PUT,TGT260612P122
8,False,06/05/2026,MU,MU-2026-53,LONG PUT,497.0,06/05/2026,880.0,PUT,1.0,0.67,-497.67,BOUGHT CLOSING PUT,MU260605P880
9,False,06/05/2026,WFC,WFC-2026-12,LONG PUT,1.0,06/05/2026,77.0,PUT,1.0,,-1.02,BOUGHT CLOSING PUT,WFC260605P77
4,True,06/08/2026,TGT,TGT-2026-6,PUT-END,,06/05/2026,125.0,PUT,1.0,,0.0,ASSIGNED PUT,TGT260605P125
5,False,06/08/2026,,,,12500.0,,,,100.0,,-12500.0,BOUGHT,TGT
3,True,06/09/2026,NBR,NBR-2026-3,PUT-START,237.0,06/18/2026,95.0,PUT,-1.0,0.67,236.33,SOLD OPENING PUT,NBR260618P95
0,False,06/12/2026,MU,MU-2026-54,LONG PUT,50.0,06/12/2026,880.0,PUT,1.0,,-50.02,BOUGHT CLOSING PUT,MU260612P880
1,False,06/12/2026,TGT,TGT-2026-8,LONG PUT,1.0,06/12/2026,122.0,PUT,1.0,,-1.02,BOUGHT CLOSING PUT,TGT260612P122
2,False,06/12/2026,TGT,TGT-2026-7,LONG PUT,1.0,06/12/2026,125.0,PUT,1.0,,-1.02,BOUGHT CLOSING PUT,TGT260612P125
